,CLASS
3455,8.0
3557,1.0
1238,8.0
11871,8.0
3304,8.0
334,8.0
5496,8.0
8746,8.0
1320,8.0
115,8.0
3386,8.0
10605,8.0
9215,7.0
12091,8.0
11728,1.0
8330,8.0
7421,4.0
1523,8.0
957,8.0
11287,3.0
12445,7.0
12172,6.0
12241,8.0
6997,3.0
616,6.0
892,8.0
7898,8.0
9372,8.0
7166,4.0
8872,3.0
2282,4.0
8765,8.0
11458,7.0
5072,3.0
8308,8.0
11306,8.0
11622,8.0
272,2.0
6321,3.0
5841,8.0
8562,7.0
5825,5.0
358,4.0
848,4.0
2765,7.0
10970,1.0
8971,6.0
2410,4.0
3701,2.0
2731,8.0
7111,8.0
4451,8.0
4789,8.0
3303,8.0
9475,7.0
4881,2.0
2408,6.0
1502,8.0
11679,7.0
5441,6.0
2438,4.0
326,8.0
991,8.0
10292,8.0
1621,5.0
6245,2.0
1764,8.0
2785,8.0
12820,6.0
3349,8.0
1617,8.0
4003,8.0
1640,6.0
5225,5.0
6479,8.0
741,8.0
7963,8.0
2706,8.0
1482,8.0
3382,8.0
9884,8.0
6729,8.0
8561,8.0
1034,4.0
5190,5.0
8978,8.0
6747,8.0
786,3.0
6363,3.0
4895,3.0
4605,8.0
11084,8.0
2347,8.0
12749,8.0
3884,7.0
9951,4.0
5364,8.0
12384,4.0
296,8.0
6198,8.0
6788,5.0
12196,8.0
5521,8.0
2494,4.0
4248,8.0
9631,8.0
10083,8.0
5304,8.0
2886,8.0
6441,3.0
10024,4.0
4355,6.0
7692,8.0
354,7.0
4326,8.0
11475,5.0
947,8.0
11220,3.0
8207,8.0
22,8.0
11531,8.0
6505,8.0
12731,7.0
1213,8.0
10375,8.0
9505,4.0
5306,3.0
8886,8.0
3669,8.0
12782,4.0
3214,8.0
5836,4.0
7036,7.0
7976,8.0
827,8.0
5738,6.0
10642,8.0
8021,5.0
4250,8.0
1751,8.0
9051,8.0
2878,6.0
8733,8.0
7216,8.0
9673,8.0
8699,7.0
10536,7.0
8028,3.0
7992,8.0
10504,8.0
1839,3.0
2694,8.0
4283,4.0
5325,8.0
11386,5.0
11811,8.0
1499,8.0
10885,8.0
8813,8.0
160,8.0
7505,4.0
7999,8.0
5705,8.0
7278,8.0
10616,8.0
7549,8.0
11467,4.0
3175,8.0
8373,8.0
1471,8.0
1516,8.0
7245,8.0
2846,8.0
6705,8.0
2368,2.0
4107,2.0
4508,4.0
2114,8.0
8641,6.0
10302,8.0
10208,8.0
1426,8.0
2692,8.0
12611,8.0
2272,4.0
182,8.0
766,5.0
10818,8.0
10909,3.0
552,8.0
1993,4.0
812,8.0
6156,3.0
9709,6.0
1899,8.0
5991,3.0
5275,8.0
2031,8.0
4216,8.0
6920,8.0
7462,8.0
4252,8.0
8010,8.0
7700,8.0
4386,8.0
4738,7.0
10212,8.0
2451,6.0
5073,5.0
446,8.0
10654,8.0
8513,8.0
7548,1.0
1378,5.0
4112,8.0
1715,6.0
12075,8.0
6692,8.0
7655,8.0
7224,8.0
4873,3.0
8358,8.0
9006,8.0
6393,6.0
2989,2.0
521,8.0
1942,5.0
849,8.0
5905,8.0
84,8.0
12538,6.0
1243,8.0
10924,8.0
6382,7.0
25,8.0
11172,8.0
7809,1.0
5429,8.0
3012,5.0
12701,8.0
5458,8.0
9328,8.0
10952,8.0
12130,8.0
3624,7.0
7240,8.0
680,1.0
3327,2.0
8342,3.0
3123,8.0
6231,2.0
10112,3.0
635,8.0
12203,8.0
8303,4.0
2011,5.0
1735,8.0
11016,3.0
2729,8.0
9859,8.0
6253,8.0
8363,8.0
8557,8.0
9002,8.0
7128,4.0
4621,8.0
2090,4.0
1194,8.0
10549,8.0
9796,3.0
4617,8.0
5140,8.0
59,8.0
9850,4.0
10231,6.0
3412,8.0
12633,8.0
5291,8.0
323,8.0
5465,5.0
9655,3.0
1282,8.0
1924,8.0
7153,8.0
6401,8.0
8647,8.0
8722,8.0
12677,8.0
10581,8.0
11213,8.0
6621,3.0
2558,8.0
4952,2.0
304,8.0
2515,8.0
5888,6.0
11434,7.0
2701,8.0
11120,8.0
3860,7.0
7651,4.0
6860,8.0
8666,6.0
8254,8.0
9848,3.0
6993,6.0
2600,8.0
7817,8.0
8847,6.0
9165,8.0
11748,5.0
5607,8.0
8183,8.0
1405,8.0
5576,8.0
1874,8.0
4715,8.0
2976,8.0
5503,8.0
12305,8.0
11843,6.0
9463,8.0
5762,8.0
5488,8.0
8447,2.0
496,8.0
11401,8.0
2744,8.0
8061,8.0
3857,5.0
5993,8.0
10228,8.0
8070,8.0
5639,8.0
11507,4.0
672,6.0
9486,8.0
9112,6.0
526,8.0
208,5.0
9342,2.0
11722,7.0
10501,8.0
7695,8.0
7806,8.0
9832,7.0
1448,6.0
6297,3.0
4237,8.0
270,8.0
3564,8.0
10599,4.0
4261,8.0
2170,6.0
12632,8.0
4445,7.0
6714,8.0
4735,8.0
9941,5.0
7123,7.0
7606,8.0
3616,2.0
3480,2.0
4021,2.0
9797,8.0
9806,8.0
8726,8.0
10174,8.0
9714,8.0
9081,8.0
11141,8.0
7857,8.0
11510,8.0
11354,7.0
6551,8.0
3259,6.0
12058,8.0
7140,8.0
8492,8.0
9258,8.0
8581,8.0
4365,8.0
12508,8.0
9138,5.0
10693,8.0
7847,8.0
5210,8.0
4519,8.0
11792,8.0
5788,8.0
10972,3.0
9912,2.0
2881,3.0
2585,8.0
2315,8.0
10469,4.0
8884,8.0
6014,2.0
8804,2.0
6305,7.0
10299,8.0
11673,5.0
6040,4.0
9189,8.0
8300,2.0
8343,8.0
1326,8.0
10717,6.0
12287,8.0
11957,4.0
2481,8.0
4175,8.0
1295,8.0
4982,2.0
630,7.0
5139,8.0
10029,8.0
7737,2.0
12789,8.0
4531,5.0
8612,8.0
3124,3.0
215,8.0
3785,6.0
2790,8.0
11249,7.0
9587,8.0
480,2.0
4883,8.0
4225,2.0
1599,8.0
9562,4.0
7637,8.0
5544,8.0
47,8.0
1664,8.0
6588,8.0
12185,4.0
3398,8.0
4779,8.0
12636,4.0
3088,4.0
12420,2.0
5893,4.0
3506,7.0
4405,7.0
2804,7.0
12796,8.0
4776,7.0
4039,8.0
8316,8.0
11720,8.0
873,8.0
11010,3.0
10971,4.0
4903,8.0
4901,8.0
6165,2.0
5529,8.0
1207,8.0
5135,7.0
8939,8.0
3852,4.0
11632,3.0
3257,8.0
5253,8.0
6681,8.0
9892,8.0
5743,8.0
3780,2.0
2572,4.0
9769,8.0
8532,8.0
7003,5.0
5309,8.0
186,8.0
281,8.0
9799,8.0
12509,8.0
7202,5.0
2336,8.0
708,2.0
10479,8.0
1178,8.0
7531,7.0
10730,8.0
5915,8.0
1792,5.0
3025,6.0
5822,8.0
1550,2.0
5802,8.0
2682,8.0
8745,3.0
6560,8.0
7467,6.0
9556,8.0
6237,7.0
8393,8.0
6348,8.0
12547,3.0
9768,8.0
4707,6.0
2615,8.0
3405,8.0
3149,3.0
4574,3.0
3967,8.0
3384,8.0
5562,6.0
12550,4.0
11297,2.0
3621,6.0
792,3.0
4146,3.0
2220,7.0
9495,4.0
11702,8.0
5794,3.0
8560,8.0
4044,8.0
9750,6.0
12221,6.0
11524,8.0
8965,8.0
12096,7.0
2133,8.0
2160,8.0
12750,5.0
3838,8.0
1111,8.0
9242,2.0
3994,5.0
12500,5.0
8910,8.0
10914,8.0
5481,8.0
814,8.0
9780,8.0
2672,3.0
9965,4.0
8487,3.0
1925,8.0
10926,8.0
9952,8.0
8397,8.0
6999,4.0
5818,8.0
3821,8.0
538,2.0
3539,3.0
4530,8.0
6703,8.0
2489,6.0
11588,8.0
11870,8.0
8174,8.0
3970,8.0
12738,4.0
4754,8.0
3191,8.0
1200,8.0
3161,7.0
12709,6.0
10157,8.0
9730,8.0
4455,8.0
2366,8.0
2466,8.0
9390,8.0
9169,5.0
4249,8.0
4704,5.0
8077,8.0
5518,2.0
8193,2.0
12745,8.0
11203,8.0
9928,8.0
7689,6.0
9033,8.0
10430,8.0
3373,4.0
11003,8.0
8253,2.0
7315,4.0
5556,8.0
5452,8.0
9490,3.0
11855,2.0
11541,8.0
6130,8.0
9321,8.0
4108,8.0
5918,8.0
6616,8.0
10426,3.0
4440,8.0
718,8.0
5595,3.0
11117,8.0
731,4.0
550,3.0
8944,8.0
7085,6.0
5476,8.0
6329,8.0
3886,8.0
7525,2.0
3516,8.0
7277,8.0
275,8.0
12442,8.0
8214,3.0
2668,8.0
8761,7.0
9452,3.0
7855,2.0
12558,3.0
10434,8.0
970,3.0
4522,6.0
5725,8.0
1774,5.0
12323,8.0
1022,8.0
857,2.0
1037,4.0
12692,8.0
9461,8.0
8033,2.0
8451,8.0
572,5.0
366,3.0
5630,8.0
1775,8.0
67,2.0
6773,3.0
5690,2.0
42,8.0
5430,2.0
6739,8.0
12355,8.0
9264,8.0
10725,3.0
597,7.0
8439,8.0
9757,5.0
10563,2.0
3744,5.0
1505,8.0
7010,3.0
12551,8.0
9378,7.0
3800,8.0
3335,8.0
595,6.0
11086,5.0
6119,8.0
5098,8.0
1026,5.0
9549,5.0
10979,5.0
6857,8.0
2039,8.0
386,5.0
7108,7.0
4830,5.0
5060,8.0
1826,8.0
4526,3.0
3458,8.0
10679,3.0
5735,8.0
9665,4.0
10665,3.0
12202,7.0
9326,3.0
8493,4.0
4278,4.0
10500,8.0
12453,5.0
6530,8.0
4305,8.0
5645,3.0
5835,3.0
5268,8.0
9237,5.0
12523,8.0
3668,8.0
12757,8.0
8403,8.0
1875,2.0
2300,8.0
5223,8.0
3889,5.0
8723,8.0
4033,8.0
11861,4.0
9777,8.0
4644,8.0
10930,8.0
7509,7.0
7147,2.0
6185,8.0
7718,8.0
10890,8.0
1688,8.0
12621,8.0
6220,8.0
7744,3.0
10987,8.0
11926,8.0
9544,8.0
4330,8.0
461,5.0
7043,4.0
1272,7.0
342,8.0
10221,8.0
7918,8.0
2411,7.0
2950,8.0
7061,8.0
9841,8.0
11822,8.0
1855,2.0
7646,6.0
3778,8.0
1554,8.0
898,8.0
9218,8.0
2531,7.0
6541,8.0
4562,8.0
7409,8.0
4313,4.0
7182,7.0
12378,4.0
4588,8.0
9849,3.0
4614,8.0
2173,6.0
8272,3.0
2947,8.0
4847,8.0
9413,8.0
11745,6.0
7106,8.0
1008,3.0
9840,7.0
10673,8.0
712,8.0
9096,8.0
3339,2.0
8766,3.0
1966,5.0
8318,5.0
7570,8.0
2599,8.0
2803,3.0
7408,8.0
5571,8.0
1762,6.0
1003,8.0
4515,2.0
10539,6.0
1042,4.0
2595,8.0
3190,3.0
4720,3.0
2781,8.0
7296,8.0
6041,8.0
8916,5.0
5620,2.0
1946,8.0
11110,4.0
9779,8.0
3679,8.0
11793,5.0
9136,8.0
11635,4.0
6556,6.0
10634,8.0
12542,8.0
1276,7.0
6674,8.0
10532,8.0
6623,8.0
12824,8.0
5642,8.0
6413,8.0
1457,8.0
709,8.0
7330,8.0
4598,4.0
2919,8.0
3196,8.0
6432,8.0
5260,3.0
3153,8.0
8525,8.0
4379,8.0
9423,8.0
11542,4.0
4491,6.0
4260,5.0
769,8.0
9727,8.0
10573,8.0
7281,8.0
2274,8.0
10282,8.0
6433,6.0
9285,6.0
9664,5.0
9853,6.0
10361,8.0
6323,2.0
5838,6.0
10551,7.0
4708,5.0
2130,2.0
12441,8.0
3802,8.0
4925,8.0
8990,4.0
41,8.0
2308,6.0
5367,8.0
5771,8.0
2238,7.0
3184,6.0
10747,2.0
7532,8.0
193,3.0
10974,8.0
9719,8.0
12437,7.0
11211,8.0
5162,8.0
11658,8.0
3102,2.0
4913,3.0
180,8.0
1093,5.0
271,2.0
3143,6.0
9255,4.0
8151,1.0
11036,6.0
2755,8.0
4983,3.0
4348,3.0
11094,8.0
6932,8.0
7511,8.0
7721,4.0
11759,3.0
4534,8.0
7869,8.0
5540,8.0
8651,8.0
3367,8.0
2050,2.0
1851,8.0
6622,8.0
9339,8.0
203,8.0
2834,8.0
6834,8.0
12301,6.0
5061,8.0
4477,5.0
11474,6.0
2661,5.0
9564,3.0
6024,2.0
3476,5.0
610,8.0
1361,2.0
5159,1.0
4619,2.0
1909,5.0
7382,5.0
11858,8.0
12624,8.0
12316,8.0
2743,8.0
8941,8.0
10177,6.0
418,5.0
1,7.0
10408,8.0
2123,8.0
818,8.0
1849,8.0
11897,3.0
3140,8.0
8257,8.0
6840,8.0
9526,8.0
9386,8.0
6307,8.0
3755,2.0
212,7.0
5451,8.0
1344,8.0
10194,8.0
6060,4.0
7675,8.0
1721,8.0
11428,6.0
8171,3.0
8036,8.0
6640,8.0
8484,8.0
684,2.0
10366,4.0
10336,4.0
11964,5.0
7307,7.0
11915,5.0
10273,3.0
11196,8.0
8786,2.0
830,4.0
4099,8.0
12369,8.0
1719,3.0
2596,4.0
1928,3.0
8743,3.0
6499,8.0
11454,8.0
2673,8.0
184,8.0
5025,8.0
6106,8.0
815,8.0
9251,8.0
11505,5.0
12348,8.0
12771,8.0
9700,8.0
8790,8.0
4893,5.0
3199,8.0
706,7.0
10307,8.0
2032,8.0
6603,8.0
36,7.0
8600,8.0
6020,7.0
6497,8.0
1631,8.0
2084,8.0
1108,6.0
1211,8.0
6044,8.0
4281,8.0
5307,8.0
10466,8.0
772,8.0
5046,2.0
11113,8.0
4037,8.0
9332,8.0
9348,8.0
6847,8.0
10783,8.0
6235,6.0
3989,8.0
11257,6.0
8832,3.0
666,6.0
5601,2.0
6743,8.0
1897,8.0
12512,8.0
12238,8.0
2538,8.0
5790,8.0
2735,8.0
8164,8.0
920,7.0
12482,8.0
4186,6.0
12327,2.0
6754,8.0
167,8.0
634,7.0
9739,8.0
2649,2.0
8780,2.0
10915,6.0
7485,4.0
9139,8.0
4116,2.0
10645,2.0
4034,8.0
6652,8.0
9212,8.0
3374,2.0
12151,8.0
4391,6.0
6217,7.0
1175,7.0
2339,8.0
9317,2.0
9079,8.0
1225,8.0
6207,2.0
3878,8.0
11012,8.0
6283,6.0
4032,8.0
8826,8.0
8441,8.0
6188,8.0
6830,8.0
8158,4.0
4664,8.0
4624,3.0
10840,8.0
9430,4.0
8160,8.0
12683,3.0
9118,8.0
775,8.0
11201,3.0
9629,7.0
3244,8.0
3236,8.0
3069,5.0
7528,8.0
319,5.0
6408,2.0
530,3.0
9325,8.0
6488,4.0
1879,8.0
10880,2.0
10234,8.0
4695,5.0
3906,8.0
10714,8.0
1387,8.0
7006,8.0
3446,2.0
7237,8.0
9094,8.0
12266,6.0
9999,3.0
10511,8.0
1355,8.0
10670,8.0
4935,8.0
11392,8.0
2437,3.0
6394,8.0
6473,3.0
8584,8.0
10406,6.0
7610,8.0
3385,8.0
10459,8.0
8374,8.0
5936,8.0
1291,3.0
11026,5.0
12126,4.0
2917,6.0
7978,8.0
7859,6.0
9715,7.0
7451,8.0
5083,8.0
336,8.0
3604,8.0
7613,8.0
11195,8.0
7390,8.0
1602,4.0
11948,8.0
928,8.0
4606,8.0
5553,6.0
1357,3.0
716,8.0
11126,2.0
8605,8.0
5737,2.0
413,8.0
11865,8.0
11041,8.0
3227,8.0
11821,8.0
43,7.0
8925,8.0
9737,3.0
570,8.0
6995,8.0
7344,8.0
2932,8.0
10770,7.0
3556,8.0
4792,8.0
9203,8.0
394,8.0
3649,8.0
11934,7.0
8106,8.0
4166,8.0
5273,8.0
7465,8.0
5583,8.0
8188,8.0
3100,8.0
8883,8.0
5085,8.0
1604,8.0
11668,8.0
8365,6.0
4876,7.0
5864,8.0
8696,4.0
844,8.0
3240,4.0
6663,3.0
1692,2.0
6696,5.0
2629,8.0
7935,8.0
12158,8.0
4655,8.0
6465,2.0
2427,8.0
10891,8.0
2909,8.0
10090,7.0
805,6.0
10141,5.0
6979,3.0
8691,7.0
9140,8.0
9007,8.0
4932,8.0
5602,8.0
10362,8.0
10867,8.0
9866,8.0
4880,3.0
10209,8.0
3170,8.0
6907,4.0
10734,6.0
5808,8.0
6158,8.0
9078,8.0
7602,8.0
2792,8.0
2014,8.0
11880,8.0
10318,8.0
9753,7.0
9610,6.0
6983,8.0
3491,6.0
185,8.0
170,8.0
4506,8.0
5402,3.0
6985,8.0
10334,4.0
11240,8.0
3285,8.0
9736,8.0
9710,6.0
11785,8.0
8627,8.0
245,2.0
12814,8.0
12077,5.0
7102,8.0
7576,8.0
7318,8.0
1337,3.0
5907,8.0
5664,2.0
2906,8.0
9113,8.0
8132,8.0
3816,3.0
12720,8.0
10202,3.0
10166,2.0
1858,8.0
11245,8.0
9721,8.0
6942,3.0
2653,4.0
745,8.0
3986,8.0
6384,4.0
64,5.0
1501,8.0
1885,8.0
7875,4.0
11376,7.0
7921,8.0
9440,6.0
9432,7.0
1128,7.0
1097,8.0
9653,8.0
1644,8.0
7283,8.0
7896,6.0
8550,4.0
8936,8.0
9733,7.0
8511,8.0
6075,8.0
2393,5.0
4013,3.0
6496,8.0
3146,5.0
10,4.0
10624,8.0
939,8.0
5717,8.0
3830,3.0
4123,8.0
6880,8.0
627,8.0
2030,5.0
6969,8.0
11672,8.0
12135,3.0
5919,8.0
7400,3.0
10351,8.0
1404,2.0
6294,4.0
11270,8.0
8838,8.0
3133,5.0
670,8.0
1085,5.0
1135,5.0
2513,6.0
1054,8.0
1754,5.0
6593,8.0
4662,6.0
7993,8.0
3873,8.0
671,1.0
5360,8.0
10262,8.0
9552,8.0
3757,3.0
6512,2.0
9713,8.0
9917,8.0
1535,5.0
7425,8.0
10951,3.0
9098,8.0
11846,3.0
6155,4.0
902,8.0
4497,5.0
7591,8.0
8474,8.0
6140,8.0
2499,8.0
10594,8.0
7667,8.0
8367,1.0
8707,8.0
12005,8.0
10860,8.0
3820,3.0
4056,8.0
2064,4.0
10791,6.0
10897,8.0
5966,8.0
11609,7.0
10000,4.0
4957,8.0
8502,8.0
4616,8.0
11899,8.0
12724,1.0
11857,8.0
3230,5.0
7884,5.0
8548,2.0
5486,2.0
9061,8.0
12270,8.0
4816,8.0
2264,3.0
7190,4.0
8020,7.0
3958,2.0
11457,2.0
8050,8.0
8248,8.0
5528,8.0
12057,8.0
1876,3.0
12118,8.0
12530,4.0
565,8.0
3996,8.0
10066,8.0
305,8.0
2420,8.0
1860,8.0
12559,8.0
6627,8.0
4052,8.0
3279,5.0
7122,7.0
1432,3.0
11143,8.0
9683,8.0
5953,8.0
11133,8.0
7401,8.0
1962,2.0
9102,8.0
12072,8.0
9256,4.0
4757,2.0
9411,6.0
6079,8.0
9815,2.0
4507,4.0
5066,8.0
4783,7.0
10286,2.0
405,8.0
9635,8.0
8645,8.0
3034,7.0
5852,8.0
1947,2.0
11099,8.0
8368,8.0
3723,8.0
11154,8.0
6960,8.0
6424,4.0
12347,8.0
11564,8.0
10851,8.0
8261,8.0
3827,8.0
7087,8.0
3581,8.0
6330,4.0
8162,7.0
11805,8.0
9244,8.0
11890,8.0
1195,7.0
6240,7.0
8251,8.0
11484,4.0
3197,3.0
2244,8.0
6197,5.0
2525,8.0
5267,8.0
10236,2.0
10583,8.0
1246,8.0
11284,8.0
10438,8.0
370,4.0
2320,4.0
4871,8.0
11919,2.0
3762,6.0
12068,8.0
4113,4.0
3929,4.0
8255,6.0
10528,8.0
1429,8.0
1338,8.0
7290,8.0
7498,8.0
253,2.0
4458,8.0
1539,8.0
12026,4.0
8573,8.0
574,4.0
8075,7.0
4213,8.0
8736,8.0
11710,8.0
5084,8.0
10595,8.0
11696,8.0
10075,8.0
11210,8.0
8240,5.0
485,7.0
5219,8.0
1521,1.0
4410,8.0
11216,8.0
4764,7.0
8463,4.0
8437,7.0
11060,8.0
3614,8.0
8218,3.0
7754,8.0
1324,8.0
2061,7.0
283,8.0
2842,8.0
8817,7.0
9536,8.0
3254,8.0
1362,8.0
7966,8.0
5443,8.0
6547,8.0
2851,8.0
10144,8.0
10150,8.0
829,8.0
11990,3.0
1380,6.0
9624,8.0
5035,6.0
2417,2.0
7889,8.0
6242,5.0
9355,8.0
2477,5.0
8824,6.0
6091,8.0
12194,8.0
2241,8.0
3475,8.0
12324,8.0
12234,8.0
2605,8.0
9396,3.0
7849,8.0
8524,8.0
55,1.0
10170,8.0
8118,8.0
10244,8.0
874,6.0
11783,8.0
12659,1.0
8348,8.0
11334,2.0
9831,8.0
7397,8.0
9010,8.0
7107,3.0
9104,8.0
284,8.0
4201,6.0
8821,6.0
10386,8.0
12629,8.0
6831,8.0
719,8.0
10379,8.0
11385,8.0
7354,8.0
2175,8.0
11837,3.0
7412,8.0
8450,8.0
9961,8.0
1002,8.0
1368,8.0
8289,7.0
1768,4.0
10639,8.0
3168,8.0
11983,8.0
96,8.0
3801,8.0
5921,8.0
4622,3.0
10428,4.0
10250,6.0
7212,5.0
12700,8.0
9695,2.0
4900,1.0
7765,3.0
11651,8.0
3672,8.0
3588,8.0
9886,3.0
4965,7.0
4192,5.0
7273,8.0
4691,2.0
11266,8.0
11419,8.0
2860,3.0
420,8.0
6152,5.0
6676,3.0
9327,8.0
1055,7.0
4459,8.0
8169,8.0
10672,6.0
3789,8.0
4762,8.0
1513,4.0
3745,8.0
2255,8.0
1454,7.0
6646,5.0
3983,8.0
9818,8.0
10343,3.0
10975,8.0
6951,5.0
11616,3.0
3180,2.0
8608,8.0
1288,2.0
10287,7.0
11299,4.0
8406,8.0
3211,8.0
9499,5.0
1921,5.0
6489,8.0
4180,3.0
7356,8.0
8435,8.0
4899,6.0
1047,8.0
2252,8.0
6446,5.0
5531,5.0
12225,5.0
12308,8.0
859,6.0
8558,8.0
1517,8.0
8992,8.0
426,5.0
6362,8.0
5363,7.0
8335,5.0
4955,8.0
1949,4.0
6770,5.0
8154,8.0
1716,8.0
9293,7.0
6054,8.0
543,8.0
1153,1.0
11471,6.0
9876,8.0
1816,8.0
449,4.0
5232,8.0
6875,6.0
1814,6.0
8953,2.0
2756,8.0
4663,2.0
7378,8.0
278,3.0
12267,5.0
11179,8.0
9765,8.0
9854,6.0
2158,3.0
3916,8.0
8950,8.0
7019,2.0
216,8.0
474,2.0
10932,4.0
4366,8.0
12129,8.0
6869,4.0
1498,8.0
12674,8.0
3129,8.0
4178,7.0
12173,8.0
9164,7.0
9718,6.0
4736,8.0
11594,8.0
8387,8.0
363,8.0
4127,8.0
11208,2.0
8436,5.0
1379,8.0
3392,7.0
179,6.0
9993,8.0
8537,3.0
5147,8.0
7443,7.0
6123,5.0
10740,8.0
4517,8.0
5840,6.0
2710,8.0
11015,8.0
8591,8.0
104,8.0
4314,6.0
7039,6.0
12380,4.0
9865,5.0
10224,3.0
11124,5.0
2089,8.0
1494,8.0
3737,1.0
5804,4.0
7247,8.0
3172,2.0
5444,8.0
12002,8.0
10419,8.0
6311,3.0
11137,8.0
8032,8.0
8465,8.0
3973,8.0
7331,8.0
12783,8.0
7764,8.0
3266,2.0
5011,7.0
1629,8.0
2824,8.0
5150,8.0
11495,3.0
1723,3.0
5567,6.0
9054,4.0
5912,8.0
2280,4.0
8914,8.0
4712,8.0
459,8.0
103,8.0
4599,5.0
10392,3.0
3354,8.0
12192,5.0
11111,4.0
12487,8.0
12108,8.0
5656,8.0
8197,6.0
8417,8.0
11677,3.0
10185,4.0
3941,5.0
1210,8.0
8577,8.0
2912,8.0
5077,8.0
1090,8.0
8918,7.0
7263,8.0
6358,8.0
4706,8.0
5182,8.0
1842,4.0
1474,8.0
7930,6.0
10110,5.0
4352,8.0
4068,2.0
1443,8.0
6093,8.0
1514,8.0
7842,3.0
291,8.0
8299,8.0
10567,3.0
69,4.0
866,8.0
728,8.0
9287,8.0
2512,8.0
8684,8.0
395,8.0
6402,5.0
6125,5.0
2281,8.0
3851,8.0
407,3.0
1073,2.0
6215,8.0
10433,8.0
6575,8.0
2928,6.0
4427,3.0
12552,8.0
10629,8.0
3699,8.0
1935,8.0
9889,6.0
3264,8.0
153,8.0
12351,8.0
7135,8.0
7561,8.0
10715,8.0
4989,5.0
4916,8.0
12649,8.0
5374,3.0
8954,3.0
6092,3.0
7469,8.0
1308,8.0
5969,4.0
1082,8.0
2664,8.0
9671,8.0
4194,8.0
3234,8.0
4036,8.0
4461,8.0
2922,8.0
698,8.0
9045,3.0
239,8.0
9131,8.0
3853,3.0
11398,8.0
2718,8.0
82,4.0
2197,8.0
12357,8.0
3940,8.0
9025,2.0
11726,8.0
2479,8.0
2060,8.0
1689,5.0
4822,4.0
1215,6.0
9238,8.0
11351,8.0
9810,8.0
10505,8.0
1529,4.0
8325,8.0
11836,8.0
6596,8.0
1394,8.0
6157,8.0
2654,8.0
2773,8.0
5629,3.0
3147,8.0
6626,8.0
3321,6.0
1541,8.0
3151,8.0
6912,6.0
11596,8.0
8269,8.0
4214,8.0
16,2.0
4483,8.0
11349,6.0
10886,8.0
6275,6.0
10765,8.0
5039,2.0
6978,2.0
2388,8.0
10290,8.0
2243,8.0
5575,6.0
11678,4.0
171,8.0
9809,6.0
6873,8.0
8427,8.0
7208,8.0
7284,8.0
347,7.0
3684,8.0
7487,8.0
7807,8.0
11922,4.0
4615,7.0
4318,8.0
9754,8.0
1638,8.0
2232,2.0
5265,4.0
4679,3.0
7779,8.0
11601,8.0
65,8.0
1263,8.0
11684,8.0
7446,4.0
3725,8.0
12591,6.0
2242,5.0
7895,5.0
1389,8.0
5017,5.0
1835,4.0
5954,8.0
7643,8.0
4759,3.0
8201,8.0
10401,3.0
4651,6.0
7712,1.0
7285,8.0
12546,8.0
6345,1.0
9645,8.0
7776,4.0
3548,8.0
8396,5.0
2433,8.0
11516,8.0
10060,8.0
9241,8.0
259,5.0
9318,8.0
12767,8.0
9518,8.0
7001,8.0
2421,8.0
10256,8.0
5982,3.0
2640,8.0
8819,8.0
7986,8.0
11493,8.0
11872,8.0
10767,8.0
6167,8.0
3562,2.0
3907,8.0
11068,5.0
5596,8.0
5745,8.0
6455,8.0
4768,4.0
2966,8.0
5586,8.0
7759,7.0
12541,3.0
1546,5.0
11864,8.0
8006,8.0
3779,8.0
7995,8.0
9330,8.0
7870,6.0
8672,8.0
2880,5.0
12641,8.0
2904,5.0
2085,5.0
3359,8.0
5698,8.0
9956,8.0
7492,6.0
12052,8.0
2951,8.0
12116,3.0
6750,8.0
328,6.0
6867,8.0
4877,2.0
9691,8.0
11712,8.0
5116,4.0
3310,7.0
12382,8.0
4433,8.0
652,8.0
9627,3.0
1461,7.0
12036,7.0
6925,2.0
9963,8.0
3122,6.0
12755,8.0
11007,5.0
7222,3.0
5227,2.0
9716,8.0
7044,8.0
4234,8.0
12071,5.0
9125,8.0
8964,8.0
551,8.0
7594,8.0
7975,3.0
2894,5.0
11637,7.0
4375,8.0
12594,4.0
288,2.0
11778,8.0
8729,8.0
9086,4.0
7021,3.0
10055,6.0
2126,8.0
7024,8.0
12791,8.0
10896,4.0
9537,4.0
202,8.0
9528,4.0
4579,8.0
6859,8.0
12001,8.0
11411,5.0
5169,8.0
11693,4.0
8869,6.0
6908,8.0
4429,8.0
11667,7.0
2047,8.0
974,8.0
11879,3.0
12189,8.0
1418,8.0
6966,8.0
8345,8.0
7813,3.0
11882,2.0
8433,8.0
12620,8.0
3713,8.0
5427,7.0
4276,8.0
7337,8.0
12605,8.0
4505,8.0
6954,2.0
8351,8.0
7688,8.0
11136,5.0
12702,6.0
3662,3.0
8867,6.0
10061,8.0
4353,8.0
5688,2.0
10417,8.0
11364,8.0
3312,7.0
10751,5.0
12273,8.0
5196,8.0
5294,2.0
1795,8.0
5801,8.0
5928,4.0
8773,2.0
1160,7.0
8889,8.0
3047,1.0
2348,8.0
6605,3.0
2200,7.0
10961,3.0
3077,8.0
7436,7.0
498,8.0
7745,8.0
10638,8.0
8769,8.0
1089,6.0
2795,8.0
6948,8.0
8856,8.0
3979,8.0
8764,8.0
7098,5.0
3208,8.0
5326,8.0
8147,5.0
2970,8.0
9346,5.0
12003,2.0
7139,8.0
6851,8.0
8633,8.0
10525,4.0
1441,8.0
642,8.0
3748,8.0
5710,8.0
3900,5.0
7699,7.0
7046,3.0
6319,8.0
8776,7.0
3023,8.0
3037,8.0
6337,2.0
9057,6.0
12515,3.0
9335,8.0
8842,7.0
7871,4.0
246,8.0
3226,8.0
4288,2.0
609,2.0
9419,5.0
6702,7.0
12598,8.0
10637,2.0
9534,8.0
4486,6.0
12784,5.0
5724,4.0
12792,8.0
6822,8.0
9500,8.0
9319,8.0
9454,5.0
4811,5.0
2305,8.0
5686,4.0
9679,8.0
1294,8.0
1789,8.0
1009,3.0
10405,8.0
2378,8.0
7653,8.0
2940,3.0
392,8.0
8900,2.0
9365,3.0
8149,8.0
11185,4.0
6786,8.0
3331,8.0
2686,8.0
5471,8.0
4665,6.0
12554,8.0
4911,8.0
6087,8.0
7308,8.0
715,3.0
3961,8.0
5173,8.0
7914,8.0
440,8.0
6500,8.0
9910,5.0
12549,6.0
5208,8.0
12776,3.0
8116,4.0
9570,5.0
6748,8.0
10556,8.0
1592,8.0
9190,8.0
5784,4.0
12604,7.0
12079,8.0
8934,8.0
10147,8.0
10230,8.0
3438,2.0
5505,8.0
798,8.0
6241,8.0
7693,8.0
4752,8.0
9261,1.0
11104,8.0
2782,8.0
11852,6.0
12379,7.0
2680,4.0
1870,8.0
4971,8.0
8623,8.0
1666,8.0
12276,8.0
12344,4.0
4984,8.0
10757,2.0
6775,6.0
923,6.0
8823,8.0
3389,3.0
10280,2.0
9143,8.0
11854,5.0
8057,8.0
2893,8.0
2269,8.0
1087,8.0
5142,8.0
2213,8.0
3881,8.0
5732,6.0
4553,8.0
4356,8.0
4292,8.0
12142,8.0
11286,8.0
468,2.0
2752,8.0
1352,8.0
4758,5.0
4608,8.0
2532,8.0
5805,8.0
1292,2.0
8831,4.0
739,5.0
1806,6.0
7009,2.0
1781,8.0
7703,8.0
8265,8.0
8998,8.0
10861,8.0
7900,7.0
7360,8.0
6349,8.0
6428,8.0
4879,7.0
7980,2.0
3486,5.0
8400,8.0
7962,7.0
5423,2.0
3990,2.0
134,8.0
9029,4.0
2884,8.0
8531,8.0
1056,2.0
1776,8.0
4771,2.0
5756,8.0
11806,8.0
8853,8.0
5158,8.0
10359,8.0
11055,5.0
628,2.0
5386,8.0
676,8.0
6313,5.0
9192,8.0
7741,8.0
2228,3.0
8976,8.0
8845,3.0
141,8.0
10934,3.0
8443,8.0
2965,5.0
1032,5.0
12553,8.0
6712,7.0
1712,8.0
3545,3.0
3582,8.0
6221,8.0
10377,8.0
11171,8.0
11238,8.0
1181,5.0
10546,8.0
5547,8.0
11802,7.0
11494,8.0
4953,8.0
5792,7.0
11931,6.0
8756,3.0
10052,8.0
320,8.0
8897,2.0
2863,5.0
54,3.0
102,8.0
119,8.0
7704,2.0
2808,6.0
1821,6.0
1613,8.0
10675,8.0
6388,8.0
5561,6.0
9947,4.0
3019,8.0
4740,8.0
4504,8.0
11932,8.0
6610,8.0
11184,2.0
6280,3.0
5747,8.0
11237,2.0
6598,8.0
3278,8.0
5929,7.0
4560,8.0
8024,7.0
4304,6.0
4988,8.0
11204,8.0
2972,8.0
12227,8.0
7427,6.0
3773,8.0
8211,8.0
371,8.0
5828,7.0
2527,6.0
4824,3.0
5807,8.0
2757,8.0
9706,8.0
455,8.0
2986,8.0
11228,8.0
417,8.0
7648,2.0
11648,8.0
6617,8.0
8282,4.0
4287,6.0
10371,8.0
8313,8.0
3242,6.0
6724,8.0
4710,3.0
3462,8.0
11971,8.0
7958,7.0
3432,3.0
8682,5.0
4432,8.0
11039,8.0
2704,8.0
10919,3.0
5138,8.0
9353,8.0
8515,2.0
3108,8.0
7988,8.0
9385,2.0
3057,3.0
944,3.0
4870,7.0
2006,8.0
6632,8.0
10057,8.0
4394,5.0
10033,8.0
1990,8.0
10364,8.0
1975,5.0
11581,8.0
1916,8.0
4407,8.0
9668,8.0
5414,8.0
7710,2.0
5721,8.0
2488,8.0
4956,8.0
3026,5.0
12708,7.0
12067,8.0
12528,8.0
11818,2.0
7535,5.0
8430,8.0
8179,8.0
152,8.0
6293,2.0
297,4.0
4733,8.0
1908,8.0
482,8.0
11776,8.0
747,5.0
367,8.0
6561,8.0
6318,8.0
8848,1.0
11332,8.0
11001,8.0
1303,3.0
6977,8.0
1755,8.0
11229,4.0
6538,8.0
356,8.0
1171,7.0
11489,8.0
1662,8.0
7364,6.0
8281,8.0
3342,6.0
10822,8.0
12084,7.0
1912,7.0
8476,8.0
4694,8.0
4874,8.0
527,8.0
9364,8.0
823,7.0
3536,6.0
785,8.0
2813,8.0
6094,8.0
5143,8.0
3141,3.0
6896,8.0
7282,8.0
5090,5.0
10297,2.0
2284,5.0
10779,4.0
5155,5.0
8631,4.0
8208,3.0
11063,8.0
1994,8.0
6486,8.0
7280,2.0
12149,8.0
9211,8.0
8566,3.0
9542,3.0
7206,8.0
9609,8.0
1671,8.0
11537,6.0
5314,8.0
6366,6.0
11011,3.0
2345,3.0
3565,2.0
8099,8.0
2043,1.0
8066,4.0
11441,8.0
10862,8.0
1190,2.0
594,2.0
4576,8.0
5696,8.0
2227,8.0
7873,7.0
1141,5.0
12032,5.0
243,8.0
9510,8.0
6584,8.0
5715,8.0
12128,8.0
9690,2.0
11413,8.0
223,4.0
6654,2.0
1704,3.0
6673,8.0
9669,8.0
4745,8.0
4924,4.0
3794,7.0
5283,8.0
5124,8.0
6944,8.0
9350,8.0
6509,8.0
8420,8.0
8640,3.0
10472,8.0
10388,3.0
11121,8.0
2245,8.0
8063,8.0
5177,8.0
10540,2.0
3965,8.0
12198,2.0
10458,8.0
548,2.0
3383,3.0
1260,7.0
10868,8.0
7751,6.0
3719,2.0
1479,3.0
4769,8.0
416,5.0
12039,8.0
1307,8.0
8924,8.0
6874,8.0
6917,8.0
2357,8.0
12425,7.0
6454,2.0
6477,4.0
6373,8.0
9227,8.0
5779,8.0
4597,8.0
667,8.0
3859,3.0
1358,8.0
5129,8.0
7630,8.0
11996,8.0
6067,3.0
1300,4.0
260,7.0
4601,8.0
9400,4.0
5977,2.0
5591,6.0
11970,6.0
11738,3.0
5301,8.0
3919,4.0
6356,8.0
1538,6.0
6959,8.0
11008,8.0
12537,8.0
1383,8.0
2141,8.0
2317,8.0
6163,8.0
9632,2.0
5684,4.0
8553,3.0
4610,3.0
2219,4.0
12617,7.0
6793,8.0
3323,7.0
7404,8.0
4633,7.0
11191,8.0
10232,5.0
11546,8.0
5395,7.0
1485,5.0
644,8.0
7862,8.0
3903,8.0
5908,3.0
130,8.0
7740,8.0
899,2.0
12545,8.0
8772,8.0
7794,8.0
6457,4.0
1786,2.0
546,8.0
767,8.0
8545,8.0
12055,8.0
5861,2.0
6980,8.0
883,8.0
6249,8.0
10808,5.0
4634,2.0
3509,8.0
393,8.0
2946,8.0
7460,8.0
981,8.0
12291,8.0
129,8.0
11259,8.0
9620,2.0
4161,8.0
9548,5.0
4805,3.0
1833,8.0
738,8.0
11775,8.0
10553,8.0
5768,6.0
5089,1.0
1890,3.0
11665,6.0
5955,8.0
6445,6.0
2577,2.0
3720,8.0
10824,8.0
2387,8.0
1433,8.0
12744,6.0
2071,8.0
2106,3.0
1623,8.0
1156,8.0
12300,3.0
5744,4.0
10799,8.0
19,8.0
12578,8.0
12331,6.0
5261,8.0
1060,8.0
6721,7.0
3704,8.0
951,4.0
8453,5.0
8866,5.0
9414,8.0
5869,6.0
3010,8.0
4017,8.0
7433,5.0
5054,2.0
1930,5.0
3901,5.0
9111,2.0
12100,7.0
11222,3.0
4000,5.0
911,3.0
9936,8.0
9915,8.0
8258,8.0
214,5.0
2948,8.0
2764,8.0
12481,8.0
12826,8.0
10113,8.0
7748,8.0
1007,8.0
3597,2.0
12671,8.0
2453,7.0
4635,2.0
7603,6.0
9011,8.0
3910,8.0
5897,8.0
3665,8.0
9178,8.0
12736,8.0
4815,2.0
9156,5.0
4717,4.0
4322,3.0
12769,3.0
10206,8.0
12053,8.0
2152,8.0
8122,8.0
6493,8.0
7234,8.0
5967,3.0
11453,8.0
4446,2.0
8987,6.0
2931,8.0
9060,3.0
7716,8.0
3687,7.0
6178,8.0
5708,2.0
11316,8.0
987,8.0
12321,7.0
11380,8.0
10612,8.0
3563,8.0
1407,7.0
8781,8.0
9271,8.0
4808,3.0
12216,4.0
3978,7.0
10743,3.0
9455,8.0
9930,6.0
12766,5.0
7454,5.0
10828,2.0
12778,8.0
12340,8.0
12675,5.0
746,2.0
7926,8.0
6271,3.0
144,8.0
12345,8.0
4443,8.0
6567,3.0
2712,8.0
8307,8.0
12774,8.0
11326,8.0
7095,8.0
504,8.0
4702,8.0
6890,8.0
3871,8.0
6571,8.0
5931,6.0
1756,7.0
12070,4.0
3073,3.0
6105,8.0
9336,8.0
11427,8.0
12665,8.0
4529,8.0
6879,5.0
10814,8.0
5797,3.0
1894,8.0
2953,8.0
8940,8.0
12056,8.0
12514,8.0
12191,8.0
8719,8.0
145,8.0
3118,2.0
2196,2.0
8646,3.0
8728,8.0
3499,8.0
7618,2.0
9076,8.0
11869,4.0
12060,8.0
12329,8.0
1493,3.0
11399,8.0
6447,5.0
2278,8.0
4632,4.0
2714,8.0
4657,8.0
936,6.0
7679,8.0
8121,8.0
1464,2.0
12073,8.0
10859,7.0
2440,8.0
9357,8.0
4639,2.0
8604,8.0
8681,8.0
11615,8.0
3558,8.0
10514,4.0
10577,3.0
7663,4.0
9943,1.0
1412,8.0
236,2.0
7161,6.0
9126,7.0
10574,5.0
5865,8.0
3837,8.0
11579,3.0
4885,7.0
10222,8.0
300,8.0
7649,4.0
3059,8.0
10803,8.0
11301,6.0
6889,8.0
4020,7.0
1904,8.0
1510,6.0
12585,8.0
3591,8.0
8949,8.0
12557,7.0
8662,8.0
2964,5.0
4390,8.0
1217,8.0
5107,8.0
11727,8.0
4286,8.0
7126,8.0
6375,6.0
10892,6.0
10396,8.0
852,6.0
12768,8.0
8129,8.0
4138,8.0
238,8.0
3700,6.0
9371,3.0
10275,2.0
1763,8.0
12468,8.0
2268,8.0
10677,8.0
10056,8.0
4364,2.0
8754,8.0
11431,8.0
11,8.0
2190,4.0
813,8.0
6557,8.0
11292,8.0
11539,7.0
7599,8.0
11543,8.0
6755,2.0
5069,8.0
4122,4.0
11199,8.0
4208,2.0
5324,8.0
5243,8.0
6916,4.0
10399,5.0
9614,5.0
8620,8.0
1374,2.0
6206,4.0
10856,8.0
2861,3.0
5723,7.0
9379,8.0
10941,6.0
2759,8.0
403,5.0
12248,8.0
7187,3.0
6915,8.0
1253,8.0
6515,4.0
9944,4.0
2182,7.0
7585,8.0
9756,2.0
11331,8.0
1553,6.0
6802,8.0
5280,8.0
6992,8.0
9898,4.0
11560,4.0
1252,8.0
9082,8.0
7210,8.0
8339,8.0
5589,8.0
10764,8.0
3842,5.0
1136,8.0
265,6.0
10051,8.0
7685,5.0
2139,8.0
8469,8.0
5282,8.0
4240,8.0
5584,2.0
2827,8.0
7493,8.0
3888,8.0
6964,8.0
12243,8.0
1187,3.0
3247,8.0
11040,6.0
10993,6.0
579,8.0
7083,8.0
681,5.0
5015,3.0
4812,8.0
4301,8.0
4191,8.0
1395,8.0
3688,5.0
11905,8.0
1750,3.0
8422,8.0
247,8.0
3674,5.0
5546,5.0
1952,8.0
2908,8.0
5842,8.0
1893,7.0
7928,8.0
7295,2.0
3951,8.0
5397,4.0
7564,8.0
10823,8.0
12797,3.0
835,8.0
9197,8.0
7960,8.0
12647,6.0
7588,6.0
3636,8.0
2536,8.0
1081,8.0
10887,8.0
5817,7.0
3618,5.0
4948,8.0
8047,8.0
8878,5.0
1147,3.0
933,5.0
1403,6.0
10313,8.0
3316,8.0
984,7.0
9205,1.0
3743,7.0
2517,8.0
4743,8.0
1626,8.0
2100,2.0
2581,5.0
8275,8.0
11174,3.0
12394,8.0
2276,8.0
7243,7.0
12581,4.0
5292,8.0
536,5.0
9782,4.0
10039,8.0
3652,5.0
4945,6.0
1745,5.0
8565,8.0
4810,8.0
5890,8.0
2211,2.0
11384,5.0
1589,8.0
8656,2.0
5145,7.0
656,8.0
11342,8.0
12408,2.0
7673,3.0
5434,8.0
1103,8.0
11645,8.0
5523,6.0
9814,5.0
11989,8.0
8752,5.0
4753,5.0
8268,4.0
3313,8.0
6160,7.0
5675,4.0
6986,8.0
4402,8.0
9382,8.0
10499,8.0
4820,8.0
2985,6.0
6501,8.0
4509,7.0
6149,8.0
5026,8.0
568,8.0
12350,8.0
2601,8.0
6935,8.0
10825,8.0
1241,2.0
1006,8.0
5564,8.0
9333,5.0
475,8.0
3835,8.0
6192,8.0
12753,8.0
7162,8.0
7121,8.0
8025,8.0
949,8.0
6229,4.0
3660,6.0
364,8.0
11663,6.0
8156,4.0
6965,8.0
11575,5.0
1469,8.0
4628,8.0
1167,8.0
842,8.0
12483,5.0
5400,8.0
517,5.0
5984,3.0
7552,8.0
3567,8.0
12459,8.0
1607,6.0
2010,8.0
611,2.0
2464,8.0
12625,8.0
7536,8.0
7355,3.0
9822,8.0
7155,8.0
3297,8.0
8480,8.0
1408,6.0
5415,3.0
10476,8.0
5524,8.0
7201,8.0
7524,8.0
11219,4.0
9226,8.0
2286,5.0
2401,8.0
12586,4.0
1863,8.0
8256,4.0
7118,8.0
8762,8.0
9132,8.0
10652,8.0
8714,8.0
5909,8.0
1943,8.0
1615,8.0
2162,8.0
5435,8.0
3104,8.0
7760,8.0
8490,6.0
4163,2.0
3500,8.0
5044,8.0
3483,7.0
5813,8.0
11273,8.0
3376,8.0
5904,8.0
7311,8.0
5943,8.0
1931,5.0
9231,8.0
5281,8.0
1698,8.0
7681,8.0
7619,7.0
7413,8.0
1014,8.0
1129,8.0
12274,7.0
7064,8.0
2069,6.0
3764,8.0
10600,8.0
7367,8.0
5923,8.0
10169,8.0
9383,5.0
6288,8.0
2077,8.0
9063,8.0
5321,2.0
3345,3.0
5337,8.0
427,3.0
4245,8.0
10545,2.0
457,8.0
8136,3.0
7287,8.0
3936,7.0
3231,8.0
11729,7.0
9503,2.0
8630,5.0
5127,8.0
3426,3.0
11939,7.0
4148,2.0
5910,8.0
9790,8.0
7501,3.0
3982,8.0
11149,8.0
1173,8.0
4966,2.0
10020,8.0
10863,8.0
2180,2.0
10291,8.0
233,8.0
4341,4.0
249,8.0
2037,8.0
9151,8.0
598,4.0
2740,8.0
4669,5.0
11659,8.0
5786,3.0
4488,8.0
2872,8.0
10201,4.0
10588,6.0
503,8.0
8594,6.0
6333,8.0
7417,2.0
2936,8.0
8596,5.0
9415,8.0
5886,8.0
9341,8.0
4973,8.0
7411,4.0
8038,3.0
5262,3.0
6065,8.0
5345,8.0
1098,7.0
2149,8.0
4050,5.0
3711,8.0
6573,8.0
329,6.0
9080,6.0
3736,7.0
3517,8.0
1694,5.0
7998,8.0
547,6.0
9639,8.0
5068,8.0
1676,8.0
5398,8.0
1823,8.0
4417,8.0
11341,6.0
1315,8.0
1218,8.0
4838,8.0
11194,5.0
7392,4.0
1137,8.0
10509,8.0
10471,3.0
5171,2.0
5944,3.0
9417,6.0
8234,2.0
2610,8.0
6265,8.0
6365,4.0
8349,8.0
2685,8.0
2823,2.0
11610,8.0
6407,8.0
7384,8.0
3007,8.0
2514,8.0
1064,8.0
6539,6.0
9649,8.0
7127,7.0
5902,8.0
5949,8.0
7843,3.0
2745,4.0
7405,8.0
10542,8.0
1830,5.0
953,8.0
11809,5.0
5274,2.0
4298,8.0
3909,8.0
9689,8.0
10701,8.0
3482,8.0
7395,2.0
11529,3.0
3198,6.0
12246,6.0
4656,8.0
10007,8.0
2544,8.0
9786,3.0
11329,8.0
6877,2.0
1587,8.0
4264,8.0
10619,8.0
463,4.0
4781,4.0
10578,8.0
4839,8.0
3520,8.0
697,2.0
8787,8.0
12268,8.0
12280,2.0
2746,7.0
1058,4.0
205,8.0
3595,8.0
4256,8.0
4684,2.0
3443,4.0
10309,7.0
10183,8.0
6892,3.0
7034,2.0
2237,8.0
1699,8.0
11842,8.0
7546,8.0
5013,8.0
12362,6.0
3911,8.0
140,8.0
10124,7.0
2519,8.0
6913,8.0
2093,8.0
2911,8.0
7319,8.0
10478,5.0
7261,8.0
12698,6.0
562,8.0
2144,8.0
1612,8.0
1183,5.0
3030,8.0
8489,8.0
5392,4.0
1585,8.0
8636,5.0
6251,7.0
7838,7.0
3992,3.0
1728,7.0
10873,8.0
4294,8.0
10826,5.0
11177,8.0
2990,3.0
4088,8.0
7217,8.0
5613,6.0
11394,8.0
3577,8.0
11400,3.0
6078,2.0
2683,8.0
6594,3.0
12333,8.0
5191,8.0
2384,1.0
796,8.0
3959,4.0
7502,8.0
5687,4.0
3433,7.0
9517,8.0
7774,8.0
2537,8.0
3274,6.0
624,8.0
3054,2.0
3014,8.0
7438,8.0
9812,5.0
3087,8.0
12112,7.0
11464,6.0
3753,4.0
3338,8.0
2329,2.0
10339,5.0
6463,8.0
2289,8.0
6443,8.0
11949,3.0
845,5.0
855,5.0
126,8.0
7253,5.0
3524,8.0
10570,8.0
7587,8.0
9959,8.0
1065,2.0
9269,8.0
10005,8.0
11538,7.0
7499,5.0
11163,8.0
3015,6.0
8146,8.0
4860,4.0
1227,8.0
11200,7.0
994,8.0
9615,5.0
10248,8.0
4643,8.0
3870,2.0
4449,6.0
1808,1.0
4345,4.0
10671,4.0
9646,5.0
2865,8.0
4904,2.0
3576,8.0
158,5.0
1791,8.0
12279,8.0
7478,7.0
484,6.0
10483,8.0
456,4.0
8711,2.0
1548,8.0
11165,8.0
1044,2.0
3935,3.0
3356,8.0
12555,7.0
5456,8.0
6568,8.0
1651,3.0
7299,6.0
8805,8.0
11280,8.0
5037,8.0
8763,8.0
5612,7.0
1481,8.0
5354,7.0
7058,8.0
7735,2.0
128,8.0
9284,8.0
3899,7.0
68,8.0
12648,8.0
6688,8.0
7615,6.0
6352,2.0
6429,8.0
9438,4.0
2588,3.0
608,8.0
9109,2.0
8324,8.0
85,8.0
7209,8.0
408,3.0
2699,2.0
5439,8.0
7256,8.0
3263,8.0
6310,8.0
7430,8.0
5330,3.0
3209,8.0
1824,8.0
6083,8.0
9798,8.0
1257,2.0
1327,7.0
8018,8.0
3813,8.0
5513,2.0
7752,4.0
11816,4.0
11389,8.0
3921,6.0
6175,3.0
1558,6.0
9734,8.0
3824,6.0
7908,8.0
10264,8.0
9023,8.0
11057,3.0
8503,7.0
8064,4.0
8784,7.0
10931,6.0
3451,8.0
2104,8.0
10668,8.0
2889,6.0
2321,8.0
8892,4.0
9958,8.0
2001,8.0
10254,8.0
4282,8.0
11592,8.0
6009,8.0
4512,2.0
1100,2.0
3751,8.0
3044,8.0
8999,8.0
10541,8.0
2800,8.0
9835,2.0
6678,8.0
6255,8.0
8323,8.0
10143,8.0
8304,7.0
10968,7.0
763,8.0
2341,8.0
7188,2.0
1828,6.0
7860,8.0
10106,3.0
12222,8.0
4272,4.0
5782,8.0
6357,8.0
1782,8.0
5772,8.0
7351,4.0
7345,8.0
4868,4.0
7007,8.0
1563,8.0
11834,4.0
6124,8.0
891,3.0
6187,2.0
3535,6.0
6101,4.0
5369,6.0
5681,8.0
10261,8.0
12823,8.0
678,2.0
6715,5.0
135,5.0
3775,8.0
12694,2.0
1497,8.0
10480,5.0
675,4.0
6615,8.0
3484,4.0
3377,8.0
3070,8.0
5420,4.0
5279,8.0
11197,8.0
11603,6.0
9376,8.0
2779,4.0
4325,4.0
9368,8.0
4057,8.0
375,8.0
3495,8.0
12616,8.0
4686,3.0
8632,3.0
4521,5.0
7028,3.0
11896,2.0
11761,4.0
3043,8.0
11388,8.0
4022,8.0
4051,5.0
1709,1.0
7035,3.0
9530,6.0
7676,8.0
9065,8.0
662,5.0
4338,8.0
12341,4.0
12283,8.0
9471,4.0
1880,8.0
5644,8.0
5759,8.0
7953,8.0
8216,5.0
11875,8.0
10004,8.0
3946,8.0
5932,7.0
7448,8.0
2850,8.0
1843,8.0
10775,6.0
10474,8.0
3501,8.0
12127,3.0
11535,4.0
3777,4.0
9308,8.0
9608,3.0
1398,2.0
423,8.0
657,7.0
2786,8.0
6582,8.0
1770,2.0
6957,8.0
2665,8.0
2155,3.0
1757,8.0
6846,8.0
8100,2.0
381,4.0
3324,8.0
1784,5.0
1571,8.0
3256,4.0
1496,8.0
7563,5.0
11231,6.0
11344,8.0
8775,6.0
12030,8.0
5729,8.0
1710,8.0
5809,4.0
1794,7.0
5998,1.0
10516,8.0
1132,8.0
210,8.0
12685,4.0
302,2.0
5382,7.0
7348,3.0
12226,8.0
6886,2.0
10827,8.0
10294,6.0
780,7.0
4607,8.0
1596,6.0
12432,8.0
3115,8.0
7453,8.0
11744,8.0
10748,2.0
9480,8.0
9957,2.0
12742,8.0
9323,8.0
9833,2.0
10695,6.0
6971,8.0
6854,8.0
10582,3.0
3045,4.0
7944,8.0
7371,8.0
606,8.0
3497,8.0
3522,5.0
875,8.0
3939,6.0
11534,8.0
6316,3.0
1316,5.0
1088,8.0
5234,3.0
6484,8.0
12261,8.0
9209,8.0
8677,8.0
6383,8.0
2628,2.0
6262,7.0
1140,7.0
12577,7.0
12800,8.0
10031,8.0
1039,8.0
4774,8.0
7997,8.0
11355,8.0
2557,8.0
4457,7.0
5340,3.0
7590,8.0
333,8.0
2994,8.0
10955,5.0
6828,8.0
11893,8.0
5076,8.0
4902,8.0
12804,2.0
4079,7.0
12690,8.0
5627,8.0
6514,8.0
6848,8.0
1297,3.0
8559,7.0
3271,8.0
5858,8.0
8749,6.0
11723,8.0
4987,8.0
10531,8.0
1031,6.0
3676,6.0
2500,8.0
12315,2.0
11595,1.0
6243,8.0
10278,6.0
5012,5.0
7933,8.0
8888,8.0
10837,7.0
5587,8.0
778,8.0
2695,8.0
2642,5.0
3845,8.0
3302,8.0
8053,4.0
4851,8.0
7932,4.0
3085,8.0
12798,8.0
10288,8.0
8080,8.0
5614,8.0
4645,6.0
2702,6.0
317,3.0
7830,8.0
1923,8.0
2551,8.0
4674,8.0
7994,3.0
2062,8.0
7016,4.0
4255,8.0
3029,2.0
3530,8.0
6781,6.0
1262,8.0
4896,8.0
221,8.0
9472,5.0
1862,8.0
8579,8.0
1731,2.0
3694,4.0
8759,8.0
12230,8.0
2815,8.0
1165,3.0
11432,8.0
7846,3.0
12008,2.0
12623,8.0
2690,8.0
1172,8.0
2567,4.0
799,8.0
11599,8.0
5985,8.0
1323,3.0
9652,8.0
6642,3.0
2016,3.0
5839,4.0
9625,8.0
11045,6.0
3465,8.0
10272,8.0
5333,3.0
6315,2.0
10225,8.0
2333,8.0
8037,8.0
3328,8.0
9391,8.0
6201,8.0
5510,6.0
752,2.0
11853,4.0
11617,8.0
10102,7.0
7173,3.0
390,8.0
5103,8.0
2923,8.0
7192,8.0
2905,1.0
10585,7.0
5896,5.0
174,8.0
9992,8.0
479,6.0
3232,6.0
12247,8.0
6961,4.0
6660,8.0
5780,8.0
11343,7.0
2313,7.0
10465,7.0
11887,8.0
4257,8.0
10356,4.0
9954,5.0
1967,8.0
12630,7.0
12037,8.0
7527,7.0
7229,6.0
4844,8.0
10713,2.0
6704,8.0
9064,8.0
2511,4.0
8481,8.0
8744,8.0
7496,3.0
6132,8.0
5582,4.0
4111,5.0
6526,7.0
11907,5.0
11098,8.0
7137,4.0
4307,8.0
5240,3.0
5093,8.0
91,3.0
5880,8.0
5643,8.0
7951,8.0
966,2.0
1349,2.0
9398,8.0
8962,8.0
1594,8.0
636,8.0
3326,4.0
2604,3.0
5289,8.0
12661,8.0
2195,8.0
2869,5.0
1182,8.0
12593,6.0
5507,8.0
3885,4.0
2091,8.0
4698,8.0
9906,8.0
11378,6.0
20,8.0
4947,8.0
8434,8.0
5,5.0
5543,3.0
11395,2.0
6234,6.0
436,6.0
3972,8.0
9514,8.0
2403,6.0
11123,2.0
2832,8.0
2178,3.0
4800,8.0
1019,1.0
9661,8.0
941,8.0
12373,8.0
5598,8.0
2892,8.0
3158,5.0
3005,4.0
7047,8.0
12465,6.0
8301,6.0
2939,5.0
12284,3.0
3008,5.0
12713,8.0
9361,4.0
3416,8.0
8615,6.0
9532,4.0
7508,8.0
8686,8.0
1092,8.0
2247,4.0
11130,8.0
1827,8.0
5388,8.0
4756,8.0
3388,8.0
8951,8.0
3583,6.0
7662,8.0
7394,8.0
8382,8.0
12566,8.0
6805,6.0
2890,5.0
7303,8.0
12644,8.0
5680,3.0
1313,8.0
7694,8.0
2129,8.0
10431,8.0
5883,2.0
3678,8.0
3735,7.0
1078,4.0
8580,8.0
10610,8.0
3923,8.0
11884,6.0
5960,8.0
7880,8.0
10027,6.0
8124,8.0
11810,8.0
5491,8.0
6548,6.0
3934,8.0
7816,5.0
12181,3.0
3553,8.0
9460,2.0
6082,8.0
1525,8.0
11078,2.0
3222,5.0
9722,8.0
737,8.0
6142,8.0
8535,4.0
2436,4.0
3041,8.0
3396,8.0
8893,2.0
7198,8.0
361,8.0
9827,8.0
8593,8.0
308,7.0
612,8.0
12278,8.0
1447,6.0
7887,8.0
338,8.0
11267,8.0
8721,8.0
3169,4.0
10160,8.0
5407,2.0
7575,4.0
4203,8.0
6173,2.0
6628,8.0
2409,8.0
7171,5.0
5302,8.0
11166,8.0
9821,2.0
7447,7.0
10831,8.0
11147,5.0
6720,3.0
5074,8.0
5885,8.0
4097,8.0
7554,2.0
934,4.0
1230,7.0
11138,4.0
2250,4.0
8802,4.0
9575,2.0
10145,8.0
3833,8.0
6670,7.0
5041,8.0
3440,3.0
9595,6.0
8785,8.0
11440,8.0
1961,8.0
8411,3.0
3454,4.0
8110,4.0
9540,8.0
6285,7.0
1895,3.0
8862,8.0
9397,8.0
7327,3.0
2362,8.0
11361,2.0
12306,8.0
11035,7.0
9446,8.0
7057,8.0
7270,8.0
743,8.0
12417,8.0
7775,7.0
10895,8.0
12048,5.0
5318,8.0
1693,8.0
12760,2.0
5509,8.0
9304,8.0
11587,6.0
2866,8.0
791,8.0
629,6.0
9039,8.0
9563,8.0
3329,8.0
3002,8.0
2703,4.0
12668,7.0
5693,8.0
385,8.0
4658,8.0
12012,4.0
12429,5.0
4147,8.0
6232,8.0
4809,8.0
10953,8.0
5315,8.0
12304,8.0
7622,2.0
7120,8.0
11109,7.0
1472,7.0
9366,8.0
9506,8.0
306,8.0
5655,8.0
2335,2.0
2146,8.0
2620,3.0
1348,7.0
8344,8.0
192,8.0
2845,8.0
990,8.0
10745,3.0
4452,8.0
5882,8.0
8139,8.0
9735,4.0
3314,2.0
2382,8.0
11319,7.0
4511,8.0
4826,6.0
330,8.0
4076,8.0
11193,4.0
8005,2.0
3282,3.0
876,8.0
1084,8.0
9985,3.0
3512,8.0
2449,8.0
5578,2.0
5605,8.0
9129,8.0
10043,2.0
11073,8.0
4666,8.0
7661,6.0
9844,8.0
10301,8.0
1256,8.0
2381,8.0
4480,5.0
9994,5.0
5174,8.0
8027,8.0
3290,8.0
11547,8.0
56,7.0
1024,8.0
12490,8.0
6580,8.0
11753,8.0
1678,8.0
12590,5.0
9583,8.0
3258,8.0
11935,6.0
12409,8.0
11506,5.0
10041,8.0
2087,8.0
9337,8.0
4185,8.0
7952,8.0
7714,8.0
12229,7.0
6003,8.0
12062,8.0
7309,8.0
6578,8.0
1266,8.0
10245,3.0
8011,8.0
5716,8.0
2700,2.0
7669,8.0
7138,4.0
12473,4.0
4887,4.0
6320,8.0
7717,2.0
7070,8.0
7219,5.0
2390,8.0
7232,8.0
1804,8.0
8311,4.0
8475,8.0
1005,4.0
6143,8.0
7117,8.0
703,8.0
11634,8.0
9489,4.0
1769,6.0
3049,8.0
2462,3.0
640,8.0
7383,8.0
10126,5.0
5453,6.0
9050,8.0
2101,6.0
3686,8.0
10155,8.0
6403,4.0
6332,5.0
10811,8.0
6458,8.0
754,2.0
10277,8.0
11127,8.0
6987,8.0
5763,8.0
10188,8.0
8877,5.0
9315,8.0
3893,8.0
10178,6.0
2302,8.0
198,8.0
1391,7.0
11700,8.0
1841,2.0
4320,8.0
8340,8.0
11118,8.0
8578,8.0
8270,8.0
9406,8.0
910,3.0
1987,8.0
12583,8.0
4065,8.0
2480,8.0
4889,8.0
807,8.0
7053,8.0
12059,8.0
1622,7.0
4084,8.0
9527,8.0
759,8.0
6839,8.0
11849,8.0
593,8.0
9869,7.0
9233,8.0
571,8.0
7683,2.0
500,3.0
3487,7.0
4010,8.0
12282,2.0
12314,5.0
3749,8.0
1127,8.0
651,7.0
4958,6.0
11305,6.0
8044,8.0
12265,5.0
1158,6.0
2961,6.0
10902,8.0
10710,8.0
2073,8.0
6762,8.0
12312,4.0
1104,4.0
2458,2.0
7475,8.0
10692,8.0
6070,5.0
9656,5.0
5767,8.0
510,8.0
3638,5.0
6146,5.0
10753,2.0
943,8.0
8598,8.0
10937,8.0
1396,7.0
9990,8.0
511,8.0
3840,8.0
2134,5.0
4125,8.0
4954,8.0
2068,8.0
959,3.0
11308,8.0
8985,8.0
5419,2.0
2747,8.0
9464,7.0
2234,2.0
5154,4.0
4866,2.0
4761,7.0
11025,8.0
8753,8.0
6949,3.0
9384,2.0
5092,6.0
6511,6.0
3747,8.0
10497,4.0
6460,8.0
11940,4.0
7922,8.0
11680,8.0
1556,8.0
6730,8.0
3818,8.0
12275,4.0
5271,8.0
8972,8.0
6264,8.0
9073,5.0
3623,8.0
11477,8.0
7800,8.0
5163,8.0
8833,4.0
4920,5.0
8378,3.0
3251,8.0
1290,7.0
10171,8.0
903,8.0
12516,8.0
3368,8.0
4053,8.0
9581,8.0
1359,2.0
1739,7.0
1530,8.0
3413,8.0
7578,7.0
7865,2.0
11904,8.0
11749,2.0
6107,4.0
1416,5.0
10283,8.0
9883,8.0
8184,8.0
7310,5.0
4219,8.0
11235,8.0
10774,8.0
1527,8.0
257,8.0
10666,6.0
11366,7.0
9199,8.0
6506,4.0
3803,2.0
5551,8.0
9628,8.0
2058,8.0
1036,7.0
2332,8.0
3101,4.0
8876,8.0
5621,6.0
888,6.0
10496,4.0
7170,8.0
6387,8.0
5800,8.0
7002,8.0
2430,8.0
11327,8.0
2962,8.0
12047,5.0
8689,8.0
3629,3.0
1169,8.0
821,5.0
5278,7.0
5795,8.0
9043,6.0
9135,8.0
4786,8.0
2206,8.0
1157,8.0
9056,7.0
768,8.0
1372,8.0
7617,8.0
6475,8.0
7377,8.0
9845,3.0
7684,6.0
3464,8.0
9519,8.0
8030,8.0
8192,2.0
1780,3.0
1453,3.0
11105,5.0
5663,8.0
908,8.0
3315,8.0
2208,8.0
7079,8.0
3407,8.0
11469,8.0
9611,8.0
10682,2.0
6459,8.0
7174,8.0
7211,8.0
10127,8.0
9638,8.0
9914,5.0
4494,2.0
6923,7.0
3542,6.0
6607,8.0
4829,8.0
638,5.0
3229,8.0
1356,5.0
3792,8.0
9946,8.0
5034,8.0
11442,6.0
10099,4.0
7093,4.0
9420,8.0
2395,8.0
8112,8.0
12281,3.0
6334,2.0
5604,8.0
1237,8.0
8219,2.0
8288,6.0
4528,2.0
6399,8.0
6355,8.0
10457,8.0
1483,3.0
11952,8.0
7156,8.0
9942,8.0
9152,8.0
3738,8.0
8543,7.0
7314,5.0
5714,8.0
7248,2.0
1872,7.0
9439,7.0
3148,8.0
6295,3.0
10158,2.0
8244,8.0
9028,3.0
6453,8.0
4778,4.0
11414,7.0
12596,4.0
4731,8.0
6461,8.0
7723,5.0
12160,8.0
9745,8.0
321,8.0
5599,4.0
3784,8.0
2634,8.0
3721,8.0
10164,5.0
8461,8.0
7821,8.0
7090,6.0
7560,8.0
11313,8.0
10136,7.0
9834,8.0
12029,7.0
1742,8.0
8521,2.0
11878,5.0
7819,2.0
950,2.0
4202,2.0
10068,8.0
1232,8.0
9110,8.0
5120,7.0
4384,8.0
5903,3.0
12046,4.0
631,8.0
10429,8.0
6296,8.0
12556,8.0
8523,3.0
8204,8.0
6651,8.0
558,8.0
8735,8.0
10300,3.0
11339,6.0
2676,4.0
7402,3.0
12610,8.0
7538,7.0
8678,8.0
4722,4.0
2222,8.0
7652,8.0
7641,8.0
12006,2.0
6653,6.0
6532,8.0
11250,3.0
6508,8.0
8262,7.0
720,8.0
5272,3.0
5734,3.0
3063,5.0
10962,3.0
3427,8.0
750,8.0
11346,8.0
2423,4.0
2767,7.0
9657,4.0
12657,8.0
3653,8.0
11606,4.0
3572,8.0
7435,5.0
614,8.0
8377,4.0
10050,6.0
4688,8.0
2648,5.0
8796,8.0
2117,8.0
5071,8.0
10239,8.0
483,2.0
1766,3.0
7968,8.0
10830,5.0
3009,8.0
2693,8.0
3759,3.0
9578,8.0
6716,8.0
3112,8.0
1442,8.0
5951,8.0
5992,5.0
6478,2.0
4150,8.0
8277,2.0
6396,8.0
9643,8.0
9516,8.0
4520,8.0
3954,4.0
6989,5.0
2322,8.0
11923,8.0
9937,8.0
9697,8.0
8673,8.0
2493,8.0
2495,8.0
1071,7.0
11006,5.0
9270,6.0
8901,8.0
11330,8.0
5194,8.0
3050,8.0
6719,8.0
9407,8.0
1486,8.0
3513,4.0
9272,7.0
6899,5.0
3103,8.0
7934,5.0
9662,8.0
8252,8.0
8676,8.0
11708,4.0
5198,8.0
878,8.0
2088,8.0
10397,8.0
5115,4.0
359,3.0
4711,8.0
7658,8.0
7157,4.0
7032,3.0
10618,8.0
3606,8.0
10965,8.0
5343,1.0
9404,2.0
4018,8.0
266,6.0
3381,8.0
8874,8.0
4833,5.0
9855,2.0
3905,8.0
7939,8.0
389,4.0
10569,5.0
2310,8.0
4595,8.0
3447,8.0
5833,6.0
8607,8.0
8458,8.0
4436,4.0
11573,8.0
2099,2.0
4119,8.0
12561,8.0
2040,8.0
7152,3.0
11438,8.0
7257,3.0
2299,3.0
8472,8.0
6772,8.0
11500,7.0
8359,3.0
7831,6.0
3217,3.0
1718,8.0
8839,2.0
7312,1.0
8145,7.0
125,8.0
8239,8.0
9598,3.0
2709,8.0
4748,6.0
1753,6.0
11642,8.0
7368,8.0
11571,8.0
9292,6.0
10045,8.0
1377,8.0
6552,5.0
7728,8.0
4078,3.0
3667,2.0
9837,8.0
7996,3.0
3068,6.0
1657,8.0
11988,4.0
4015,8.0
10323,8.0
1660,8.0
3084,8.0
12094,8.0
10985,8.0
851,8.0
2635,2.0
6870,8.0
12421,8.0
7589,3.0
4144,8.0
6287,8.0
9557,3.0
2457,8.0
7965,2.0
4804,2.0
414,8.0
7782,7.0
12140,8.0
10395,8.0
6554,2.0
10812,5.0
6690,6.0
9893,8.0
10749,8.0
6470,4.0
6522,5.0
7150,8.0
5300,2.0
9016,8.0
12014,8.0
12159,8.0
1101,8.0
6800,8.0
12618,8.0
6370,8.0
10550,8.0
2677,3.0
4641,8.0
6513,5.0
8920,6.0
2212,8.0
617,6.0
2982,8.0
9449,8.0
12156,8.0
8401,2.0
11070,8.0
12628,8.0
2772,8.0
8947,8.0
10340,8.0
12141,7.0
9770,7.0
10611,8.0
1001,8.0
10963,8.0
7495,8.0
9314,8.0
3060,8.0
10872,8.0
2691,8.0
3505,7.0
10192,8.0
6728,2.0
6121,8.0
12726,6.0
515,5.0
10252,8.0
6525,8.0
2015,8.0
7592,8.0
10722,3.0
7268,4.0
4337,3.0
3750,3.0
11215,8.0
11676,7.0
7230,8.0
2080,8.0
6753,6.0
10738,8.0
1954,8.0
12793,2.0
5215,8.0
11604,7.0
327,5.0
9153,4.0
6004,5.0
9286,8.0
9343,5.0
5175,8.0
10240,2.0
12470,8.0
12645,8.0
8189,6.0
2053,8.0
90,3.0
6008,8.0
7979,8.0
495,8.0
7840,8.0
2568,8.0
1583,7.0
3187,3.0
6974,8.0
11981,8.0
6273,8.0
2836,4.0
10522,2.0
8135,8.0
11985,8.0
788,8.0
1123,6.0
10584,8.0
7867,8.0
5001,8.0
8120,8.0
5999,4.0
10816,8.0
4126,8.0
1997,8.0
2974,8.0
5164,7.0
8185,8.0
917,7.0
5823,6.0
541,8.0
8571,6.0
1569,5.0
4981,8.0
3828,4.0
4775,7.0
6260,5.0
1953,4.0
6377,8.0
11992,8.0
3128,8.0
7893,8.0
7696,8.0
4447,8.0
8306,8.0
8284,8.0
8541,5.0
5749,8.0
8818,8.0
12588,8.0
111,2.0
9817,8.0
12813,8.0
5585,8.0
2086,3.0
9908,3.0
6624,8.0
5406,8.0
864,7.0
6910,8.0
10142,2.0
1726,8.0
279,8.0
2052,7.0
7249,8.0
10137,8.0
4701,8.0
5399,8.0
6612,8.0
2667,8.0
1155,6.0
7626,3.0
8638,8.0
6046,8.0
7877,2.0
11569,7.0
8069,7.0
3609,6.0
11628,8.0
5132,8.0
9303,5.0
9483,3.0
5647,4.0
11188,8.0
5872,3.0
8808,5.0
1643,8.0
4999,2.0
5437,6.0
7241,3.0
2801,8.0
8455,8.0
2094,8.0
9389,8.0
10096,8.0
12407,3.0
5380,7.0
1544,8.0
6657,2.0
5930,8.0
8855,8.0
8903,8.0
6144,7.0
4561,8.0
12426,8.0
4414,8.0
12045,4.0
10365,8.0
6833,8.0
1796,2.0
8530,4.0
5086,8.0
4259,8.0
1122,3.0
576,8.0
3527,8.0
7515,8.0
7196,6.0
5028,8.0
5112,8.0
11841,8.0
1772,8.0
4253,5.0
10058,8.0
11683,8.0
12734,8.0
8341,8.0
5473,3.0
11754,8.0
1572,8.0
2608,3.0
3249,8.0
14,7.0
5152,6.0
3448,5.0
8131,8.0
450,8.0
789,7.0
11863,3.0
9921,8.0
3031,4.0
7913,8.0
6028,8.0
4226,1.0
3414,8.0
7686,8.0
1540,6.0
1367,3.0
11352,8.0
12028,8.0
3033,7.0
6893,8.0
10453,8.0
7609,8.0
5832,8.0
8150,7.0
6934,8.0
3306,3.0
1166,8.0
5914,8.0
5718,8.0
1936,4.0
3470,5.0
3791,8.0
10341,8.0
2338,5.0
784,8.0
7787,5.0
476,5.0
10686,8.0
150,8.0
2142,8.0
9543,2.0
5611,5.0
1685,8.0
7391,6.0
1532,8.0
10382,4.0
5679,5.0
5007,8.0
5701,8.0
4193,8.0
4,8.0
8419,8.0
4473,8.0
12614,8.0
7115,8.0
4589,8.0
3090,8.0
7066,2.0
9939,8.0
10821,8.0
10129,8.0
8414,6.0
5649,3.0
5695,3.0
8811,8.0
3633,8.0
10093,8.0
6686,8.0
8317,8.0
6367,8.0
6369,8.0
1484,7.0
2657,2.0
8237,5.0
7727,8.0
3925,8.0
10596,8.0
9520,8.0
3805,2.0
4395,2.0
10598,5.0
11462,8.0
114,8.0
9764,8.0
10095,5.0
12715,4.0
8426,8.0
886,2.0
12366,8.0
811,8.0
846,8.0
1618,6.0
5000,2.0
6340,8.0
10995,5.0
3435,8.0
8907,8.0
12024,8.0
4551,6.0
9141,8.0
9953,8.0
3808,2.0
3375,4.0
2925,6.0
12035,8.0
10874,5.0
2543,8.0
9931,8.0
10484,7.0
5906,2.0
9322,8.0
4499,3.0
3559,8.0
9863,7.0
6586,8.0
5831,8.0
721,8.0
10894,8.0
9676,3.0
620,7.0
8337,6.0
12529,8.0
6655,8.0
4027,8.0
12076,8.0
3089,8.0
8747,8.0
11903,8.0
9618,7.0
2993,8.0
5082,7.0
976,8.0
4910,8.0
5252,8.0
7385,8.0
10311,8.0
10488,5.0
11337,8.0
10829,7.0
3799,8.0
10691,6.0
6665,8.0
757,3.0
1174,8.0
4676,8.0
10373,6.0
4265,8.0
6292,8.0
1986,8.0
5820,2.0
4416,2.0
8383,3.0
7065,8.0
1697,8.0
5874,6.0
8859,8.0
8042,4.0
7133,8.0
6950,8.0
5975,2.0
9868,8.0
12307,3.0
2618,3.0
12015,8.0
5461,8.0
9580,8.0
9245,6.0
8795,8.0
6672,3.0
1423,8.0
11310,5.0
5480,8.0
9901,8.0
2774,6.0
5048,3.0
7184,8.0
2303,8.0
11091,7.0
8442,8.0
8789,8.0
12296,8.0
3619,8.0
1641,8.0
12177,6.0
9,4.0
2082,7.0
7804,3.0
7872,4.0
3754,6.0
2636,8.0
9036,8.0
11173,2.0
4024,4.0
10778,5.0
4371,8.0
1630,8.0
7252,8.0
9166,2.0
9927,8.0
10352,8.0
12083,8.0
10195,7.0
7971,2.0
7269,8.0
542,5.0
10387,5.0
9037,8.0
1634,8.0
12737,8.0
12781,8.0
12735,8.0
12147,8.0
10115,3.0
5205,8.0
5994,8.0
5008,8.0
12049,1.0
12143,8.0
6756,8.0
9693,5.0
8200,8.0
4627,8.0
7948,7.0
693,8.0
4620,2.0
10233,8.0
3498,8.0
5689,8.0
8995,8.0
10097,8.0
12342,8.0
213,8.0
4995,8.0
1714,8.0
5390,6.0
5654,2.0
6331,8.0
9280,8.0
5201,8.0
1099,8.0
9168,8.0
10809,3.0
773,8.0
4223,8.0
1940,3.0
4220,8.0
7067,5.0
11345,2.0
9436,8.0
5160,4.0
5791,8.0
5608,8.0
4892,3.0
12759,8.0
2587,4.0
5972,3.0
6032,8.0
2829,8.0
10561,8.0
7841,7.0
10943,8.0
12723,8.0
3445,8.0
7145,8.0
9312,8.0
1687,2.0
919,8.0
11071,8.0
5877,8.0
5697,1.0
11777,8.0
2496,6.0
3397,8.0
12144,8.0
10694,8.0
6858,6.0
10641,8.0
6419,8.0
7301,8.0
880,6.0
6592,8.0
101,6.0
7038,8.0
6602,8.0
8008,8.0
3295,8.0
5408,8.0
7620,6.0
5812,8.0
9793,6.0
3135,8.0
946,6.0
9744,8.0
1280,8.0
5050,5.0
2461,5.0
362,8.0
6975,3.0
7124,8.0
4421,8.0
6184,8.0
7458,8.0
10529,8.0
11391,8.0
10683,6.0
2547,8.0
9157,8.0
7323,2.0
765,1.0
4262,5.0
3955,5.0
10723,5.0
10603,8.0
1075,8.0
7955,8.0
8501,8.0
3364,8.0
9311,2.0
12485,7.0
6037,5.0
492,6.0
5100,5.0
3657,8.0
12346,8.0
10698,8.0
4132,3.0
3130,8.0
685,4.0
6022,7.0
2873,4.0
1491,7.0
4311,2.0
1941,6.0
8354,8.0
10635,8.0
9650,6.0
3976,3.0
410,8.0
8046,7.0
10690,8.0
2389,6.0
7414,8.0
2314,5.0
6200,2.0
6495,2.0
6398,3.0
8650,8.0
11263,7.0
11874,1.0
1159,3.0
4794,8.0
11746,3.0
12411,8.0
3706,7.0
8575,7.0
11255,8.0
837,8.0
2959,8.0
5940,6.0
10846,8.0
10450,8.0
4042,8.0
5179,6.0
11317,8.0
3680,8.0
8540,8.0
705,5.0
3261,6.0
3914,8.0
1601,8.0
10726,3.0
12565,8.0
7595,8.0
9572,3.0
679,6.0
7094,8.0
3519,8.0
10173,2.0
12017,4.0
4647,8.0
6174,8.0
4131,8.0
4295,3.0
6845,8.0
6325,8.0
5263,8.0
5636,7.0
4946,4.0
4431,8.0
8771,8.0
3850,8.0
452,8.0
1188,8.0
4268,8.0
3927,8.0
7678,2.0
6872,8.0
10669,3.0
7420,2.0
5269,8.0
5829,4.0
692,3.0
7749,6.0
5207,8.0
10494,8.0
12637,8.0
384,5.0
8587,8.0
1564,5.0
12154,4.0
9279,3.0
11523,3.0
2233,8.0
6606,8.0
8190,8.0
1552,6.0
11956,8.0
11455,5.0
6034,8.0
72,8.0
10131,2.0
626,5.0
8661,7.0
9791,6.0
7271,6.0
2789,8.0
4263,8.0
12480,5.0
12458,8.0
5144,8.0
6371,8.0
5525,8.0
3393,3.0
2326,8.0
6437,8.0
3420,8.0
7415,8.0
6001,5.0
118,6.0
252,8.0
9049,6.0
4475,8.0
10580,8.0
4383,8.0
4930,8.0
8390,4.0
1703,6.0
3883,7.0
4171,8.0
1659,5.0
8338,2.0
12099,5.0
11719,8.0
1038,8.0
10626,8.0
8332,5.0
6291,8.0
154,8.0
10415,8.0
5203,8.0
11826,6.0
11833,8.0
9369,8.0
10354,4.0
7826,8.0
4168,8.0
12653,2.0
7654,2.0
10346,8.0
1033,8.0
6122,8.0
2603,5.0
3607,3.0
12752,8.0
12684,8.0
2943,7.0
514,8.0
3293,8.0
10998,8.0
2246,6.0
5799,6.0
11598,7.0
8799,2.0
3793,8.0
12501,8.0
5249,7.0
4898,5.0
5322,2.0
10455,6.0
10571,8.0
12325,5.0
11732,4.0
10997,7.0
8574,8.0
3378,5.0
11504,8.0
1133,3.0
3685,8.0
4565,3.0
9909,8.0
1370,8.0
10922,8.0
3325,5.0
10617,8.0
1440,8.0
7761,8.0
776,8.0
6876,4.0
4678,2.0
11000,8.0
5004,8.0
11031,5.0
4291,8.0
2591,8.0
4741,5.0
6956,8.0
10535,8.0
12352,8.0
4886,8.0
12681,6.0
6792,5.0
289,8.0
1802,5.0
5352,4.0
146,8.0
2978,7.0
11769,8.0
11908,8.0
2452,8.0
9402,8.0
4538,8.0
9800,7.0
388,5.0
5005,8.0
39,1.0
9696,4.0
11808,4.0
11602,8.0
10332,5.0
8710,8.0
4418,8.0
2128,3.0
8898,8.0
8464,6.0
5038,7.0
345,4.0
10636,8.0
2650,8.0
11817,8.0
5119,8.0
3613,5.0
2870,8.0
4921,8.0
7418,8.0
8485,2.0
4732,4.0
9675,8.0
1346,8.0
3642,3.0
12815,8.0
9377,3.0
4571,8.0
1717,8.0
5043,8.0
195,8.0
3171,8.0
6825,8.0
804,5.0
9298,4.0
232,3.0
3977,8.0
11942,8.0
8619,8.0
12157,7.0
10530,5.0
190,3.0
11447,8.0
3698,8.0
4139,4.0
5542,8.0
5212,8.0
2730,6.0
1732,2.0
6141,8.0
2957,2.0
7519,5.0
4884,2.0
6112,8.0
7919,8.0
1459,8.0
8224,5.0
524,8.0
53,6.0
2632,8.0
5287,8.0
4590,8.0
9771,5.0
4609,8.0
2771,8.0
10229,8.0
6411,2.0
10760,5.0
12183,8.0
6011,3.0
4453,8.0
1079,2.0
10940,8.0
3991,8.0
6884,8.0
9531,8.0
98,7.0
1271,8.0
4845,8.0
11302,4.0
10662,8.0
6081,8.0
4115,8.0
10622,8.0
2660,8.0
11140,8.0
3933,8.0
6042,2.0
740,2.0
8648,8.0
881,5.0
7305,8.0
10566,8.0
12689,8.0
3598,8.0
2319,8.0
8812,8.0
11544,2.0
11038,5.0
177,8.0
12336,8.0
8034,8.0
7949,8.0
8245,7.0
4888,8.0
10370,8.0
2377,8.0
7959,8.0
9296,4.0
12613,8.0
4419,8.0
17,5.0
10285,6.0
8896,8.0
8410,8.0
8250,3.0
10676,6.0
5670,8.0
1902,8.0
10512,8.0
11593,8.0
4726,8.0
10003,8.0
4596,8.0
8538,7.0
10101,8.0
11675,8.0
4548,8.0
7724,8.0
5557,8.0
3822,8.0
10964,8.0
5110,8.0
5773,3.0
6871,5.0
687,8.0
649,8.0
6223,8.0
2351,8.0
2186,3.0
1543,8.0
3702,4.0
273,6.0
9394,8.0
8694,8.0
5236,8.0
3065,8.0
12435,5.0
3183,8.0
7885,8.0
2171,8.0
2135,7.0
5009,1.0
5956,3.0
10746,3.0
7882,6.0
1076,2.0
4894,7.0
1859,8.0
5460,1.0
6115,5.0
10070,8.0
5303,3.0
4848,6.0
9191,8.0
12712,8.0
12395,4.0
12418,8.0
11886,8.0
10752,8.0
9885,4.0
5379,5.0
3825,8.0
3573,8.0
276,8.0
2734,7.0
2070,3.0
12721,8.0
10260,8.0
1773,8.0
730,8.0
7530,8.0
9819,8.0
2542,8.0
4061,8.0
10085,8.0
11986,8.0
2385,7.0
12186,2.0
9977,5.0
5411,8.0
7711,8.0
9905,8.0
3164,8.0
11725,7.0
3832,8.0
3105,8.0
8830,8.0
10034,5.0
7550,8.0
5793,8.0
1958,5.0
1411,8.0
2316,8.0
70,8.0
10190,4.0
12358,8.0
168,8.0
2594,4.0
11129,2.0
7129,6.0
9559,8.0
4714,5.0
2147,8.0
8083,8.0
11315,7.0
11929,4.0
2751,8.0
4096,8.0
9843,8.0
313,8.0
110,5.0
7891,4.0
6136,8.0
1722,6.0
1680,1.0
1653,7.0
10687,8.0
11103,8.0
2868,8.0
12786,8.0
7597,6.0
2658,4.0
204,8.0
6226,1.0
2722,7.0
11053,3.0
722,2.0
6281,5.0
509,2.0
4089,8.0
1293,5.0
6666,6.0
12195,3.0
8751,8.0
9762,2.0
777,8.0
453,8.0
5500,8.0
4354,8.0
8544,8.0
6372,8.0
4071,4.0
7349,8.0
8599,8.0
12180,8.0
9185,3.0
9813,8.0
9858,8.0
9538,5.0
10409,8.0
7766,8.0
5157,8.0
11156,8.0
10938,6.0
6852,7.0
5478,4.0
3843,8.0
4734,4.0
10755,8.0
105,7.0
6450,8.0
10389,3.0
10100,5.0
8739,8.0
12787,4.0
4235,5.0
7795,8.0
4401,3.0
9553,8.0
7099,5.0
3647,8.0
11751,4.0
4101,8.0
11362,5.0
9087,8.0
11283,3.0
5871,6.0
12218,8.0
5389,6.0
6637,8.0
9147,5.0
2937,5.0
7416,8.0
4031,8.0
12447,2.0
7381,8.0
7909,5.0
9412,3.0
7110,8.0
3874,2.0
4906,8.0
11912,6.0
8223,8.0
9642,7.0
5020,3.0
7601,7.0
5021,2.0
8352,8.0
4049,5.0
7636,1.0
6113,6.0
12679,5.0
3055,8.0
2497,8.0
5149,2.0
8309,8.0
5449,4.0
2482,4.0
1761,8.0
6838,8.0
8908,8.0
7605,7.0
9340,8.0
5758,8.0
1023,8.0
11436,8.0
4960,8.0
8294,8.0
8715,6.0
7533,7.0
5336,8.0
5766,3.0
6095,4.0
3452,8.0
3523,2.0
12574,3.0
8500,8.0
7286,8.0
10203,6.0
10118,8.0
7545,8.0
9468,8.0
9826,8.0
3863,2.0
2446,8.0
6425,8.0
4593,8.0
1328,8.0
12729,5.0
9093,8.0
1193,8.0
9236,7.0
3107,8.0
11169,4.0
295,8.0
12271,8.0
8643,4.0
3807,7.0
2221,8.0
8138,4.0
44,5.0
9090,4.0
5019,8.0
6619,8.0
9976,8.0
6732,8.0
3404,7.0
28,4.0
3233,8.0
11089,8.0
4430,7.0
12607,8.0
1102,7.0
8130,8.0
824,8.0
7666,4.0
12669,6.0
6779,4.0
7991,5.0
5566,8.0
287,4.0
1067,4.0
5952,8.0
6027,8.0
4183,8.0
9059,8.0
6248,2.0
1048,3.0
1444,5.0
11049,6.0
7837,8.0
10432,8.0
3590,2.0
8814,8.0
2902,3.0
4424,8.0
4682,7.0
10470,7.0
8517,8.0
12044,8.0
2383,6.0
2364,8.0
8555,8.0
9522,6.0
5859,4.0
8429,8.0
1790,8.0
11715,7.0
2627,8.0
3771,8.0
10477,8.0
2111,8.0
8606,8.0
10870,3.0
8111,2.0
3823,8.0
12167,4.0
6045,8.0
12488,6.0
4661,3.0
7302,3.0
3920,3.0
545,4.0
4668,8.0
4997,3.0
11717,8.0
7818,8.0
6774,2.0
6202,6.0
847,5.0
1438,8.0
11589,8.0
6534,8.0
5023,4.0
5899,2.0
7640,8.0
10330,8.0
11965,8.0
10877,7.0
1417,8.0
6335,8.0
12680,8.0
4428,8.0
6126,8.0
5349,8.0
10485,8.0
5727,8.0
12535,8.0
8444,8.0
2952,6.0
683,5.0
12691,2.0
8654,8.0
10073,6.0
9933,7.0
11230,7.0
2973,8.0
12326,8.0
6677,3.0
11466,8.0
977,4.0
3974,7.0
9998,8.0
5849,3.0
1216,5.0
6902,5.0
3836,8.0
4385,7.0
2291,4.0
12103,8.0
3635,8.0
4919,8.0
2674,8.0
4559,8.0
5102,8.0
9159,8.0
4170,8.0
1163,8.0
8734,7.0
4299,8.0
6668,8.0
11654,3.0
10490,8.0
10138,8.0
8609,8.0
2279,6.0
9161,8.0
971,2.0
3215,4.0
6909,2.0
4176,8.0
6953,4.0
4626,8.0
9243,8.0
11555,8.0
4487,7.0
12595,8.0
5709,3.0
4340,4.0
3915,7.0
4319,8.0
4470,4.0
5490,8.0
4540,8.0
4737,8.0
8865,6.0
10214,8.0
11096,8.0
1591,5.0
12228,8.0
654,8.0
9991,8.0
1070,2.0
7068,8.0
3693,5.0
1020,8.0
6210,8.0
11459,8.0
8592,8.0
4723,3.0
5625,8.0
9447,8.0
9047,8.0
3787,8.0
2373,6.0
8315,4.0
3584,7.0
2584,4.0
3072,8.0
2076,4.0
10087,8.0
2225,4.0
7883,4.0
6494,8.0
7244,8.0
406,4.0
2625,8.0
2125,8.0
2656,6.0
5482,8.0
7203,8.0
4693,2.0
9283,6.0
3189,4.0
11017,7.0
4672,8.0
3340,8.0
5051,7.0
3027,8.0
1884,8.0
7251,8.0
4030,2.0
4029,8.0
4152,8.0
4490,5.0
6881,2.0
9487,8.0
11054,7.0
4472,2.0
10983,8.0
5317,5.0
5632,8.0
89,8.0
12320,7.0
4584,6.0
4992,8.0
1062,8.0
11885,4.0
5310,8.0
1767,4.0
9409,8.0
10888,8.0
9055,2.0
4412,8.0
2530,3.0
4162,3.0
4793,8.0
4823,8.0
6038,8.0
1239,8.0
7218,8.0
9488,4.0
6129,8.0
2983,5.0
438,8.0
6814,8.0
6542,7.0
4492,3.0
9496,5.0
8102,8.0
11868,8.0
6021,8.0
3797,6.0
71,6.0
5774,6.0
3980,8.0
11550,8.0
6841,8.0
10345,8.0
11258,7.0
10440,8.0
10681,8.0
6796,8.0
11967,1.0
7665,5.0
1891,8.0
850,8.0
7823,7.0
10678,2.0
11787,8.0
12090,7.0
7664,8.0
237,3.0
10076,8.0
3094,8.0
10782,8.0
5222,8.0
10213,8.0
7802,8.0
2349,8.0
7169,8.0
1705,8.0
9626,8.0
4857,7.0
2560,1.0
4448,8.0
2825,8.0
6181,8.0
1518,5.0
9362,2.0
6006,7.0
8871,8.0
7149,4.0
6844,2.0
3194,8.0
7513,8.0
5959,8.0
10900,8.0
9351,4.0
7659,8.0
9596,5.0
481,8.0
1545,3.0
8449,6.0
2897,4.0
10548,4.0
229,3.0
2325,2.0
12534,2.0
12263,2.0
5876,6.0
10973,8.0
6931,3.0
4388,8.0
2288,8.0
63,8.0
9919,8.0
4907,8.0
7854,8.0
11860,8.0
4251,8.0
9829,8.0
7279,8.0
10347,7.0
3752,3.0
4986,8.0
3268,8.0
8655,5.0
6306,8.0
2975,5.0
2687,8.0
5515,8.0
9738,8.0
3786,2.0
5945,8.0
10728,2.0
3318,8.0
690,6.0
2819,8.0
12364,7.0
12011,4.0
11183,2.0
10523,8.0
10268,6.0
537,8.0
6286,8.0
4872,8.0
10912,8.0
7593,6.0
12464,8.0
11827,8.0
4673,8.0
10487,6.0
12212,8.0
836,5.0
4586,3.0
8642,2.0
9547,8.0
696,8.0
3260,5.0
587,8.0
8471,7.0
4806,8.0
2450,4.0
8708,8.0
10999,8.0
6726,4.0
10017,8.0
10621,8.0
11037,8.0
11076,8.0
1883,8.0
1045,7.0
5920,2.0
6029,8.0
4333,8.0
2355,8.0
9130,8.0
1586,8.0
7504,8.0
5031,6.0
1051,8.0
2555,8.0
5968,8.0
12687,8.0
4594,2.0
4625,8.0
1658,6.0
8168,8.0
6914,7.0
7656,8.0
2956,5.0
1148,8.0
11552,8.0
137,2.0
2340,8.0
166,8.0
11756,6.0
10081,5.0
11159,2.0
4243,8.0
1125,8.0
2891,8.0
1854,8.0
8279,8.0
3656,8.0
9630,8.0
7329,8.0
5502,8.0
8389,8.0
9344,8.0
7069,8.0
2811,8.0
5594,8.0
197,2.0
641,8.0
6994,4.0
12386,8.0
12361,8.0
5454,8.0
11079,4.0
2150,8.0
9476,8.0
4927,6.0
9561,8.0
9758,6.0
10473,6.0
12339,3.0
147,4.0
11520,5.0
3814,8.0
12811,8.0
1223,3.0
9616,3.0
2154,5.0
11997,2.0
2637,8.0
6590,8.0
8408,5.0
8082,4.0
3131,8.0
10179,8.0
2821,8.0
5803,6.0
2163,7.0
7697,8.0
12498,7.0
12400,4.0
7063,8.0
1478,3.0
3336,5.0
4060,5.0
9870,2.0
733,8.0
5971,8.0
9703,8.0
4368,8.0
5032,4.0
2398,8.0
8794,3.0
12601,5.0
1343,8.0
8725,8.0
11636,8.0
8549,8.0
10400,4.0
7300,3.0
1561,8.0
11600,6.0
4289,8.0
955,7.0
494,8.0
10123,8.0
9728,8.0
12013,6.0
1030,8.0
9546,8.0
3091,8.0
885,5.0
26,3.0
6895,2.0
4680,8.0
4513,2.0
8177,3.0
975,2.0
11382,4.0
11260,6.0
9374,7.0
12231,2.0
10468,8.0
1336,8.0
5851,8.0
6659,8.0
10028,8.0
10069,8.0
1240,8.0
5355,8.0
9219,8.0
5548,8.0
1410,2.0
7483,8.0
9588,8.0
4439,8.0
3922,6.0
4705,8.0
8512,8.0
1810,6.0
402,8.0
6641,8.0
1783,8.0
12188,8.0
6268,8.0
5658,8.0
6436,8.0
10358,6.0
9085,8.0
4934,7.0
3819,8.0
2026,8.0
3399,3.0
8215,5.0
2231,8.0
8180,8.0
1198,8.0
2984,7.0
9929,3.0
7600,5.0
8568,8.0
1581,8.0
5036,8.0
9465,8.0
2622,8.0
7304,6.0
2169,8.0
7476,7.0
9297,8.0
3971,8.0
8617,8.0
8629,8.0
11566,8.0
7013,8.0
11294,8.0
7399,7.0
9474,8.0
11371,2.0
7956,5.0
4476,8.0
12444,8.0
8491,7.0
12211,4.0
8798,8.0
2955,7.0
583,7.0
5131,8.0
9966,8.0
4028,7.0
12477,8.0
10776,8.0
467,7.0
6080,8.0
487,3.0
3074,6.0
9688,8.0
2977,2.0
3716,8.0
11968,4.0
282,8.0
11115,3.0
12097,8.0
3834,2.0
7086,5.0
8709,7.0
12511,8.0
3097,3.0
11963,5.0
8334,8.0
9997,5.0
12428,8.0
5489,7.0
6063,5.0
5311,4.0
9240,8.0
191,8.0
6946,8.0
4093,5.0
4187,3.0
11794,2.0
9181,5.0
12655,8.0
8095,8.0
11314,8.0
11356,8.0
2273,5.0
10707,8.0
3783,8.0
9707,8.0
10086,8.0
2613,2.0
1744,8.0
4917,8.0
1146,8.0
10368,8.0
3099,8.0
12706,7.0
5517,8.0
9576,6.0
12295,5.0
11856,8.0
2857,3.0
2616,8.0
3788,8.0
12297,4.0
11927,8.0
996,8.0
9766,8.0
12790,8.0
4035,5.0
12404,8.0
7801,3.0
2399,8.0
5752,8.0
9263,8.0
1049,8.0
9216,8.0
5806,8.0
7822,2.0
3372,8.0
4563,3.0
12602,8.0
2444,4.0
4217,8.0
4222,8.0
5226,8.0
2263,5.0
1560,8.0
11421,2.0
2741,8.0
6577,8.0
8068,8.0
1199,7.0
7990,8.0
1524,8.0
2999,7.0
6570,6.0
8622,5.0
2044,8.0
8287,8.0
9984,2.0
9922,8.0
4151,3.0
2361,8.0
1584,8.0
1568,8.0
7334,2.0
989,8.0
6683,8.0
1881,7.0
95,2.0
6981,8.0
5200,2.0
832,3.0
11307,4.0
7972,6.0
8963,8.0
11088,8.0
5781,8.0
1818,5.0
1406,6.0
6516,8.0
12504,8.0
11815,8.0
10819,3.0
6878,7.0
4539,2.0
8657,7.0
11480,8.0
1609,8.0
12788,6.0
8959,8.0
8226,8.0
1646,8.0
7185,4.0
2132,8.0
4683,6.0
10884,8.0
9163,8.0
3205,5.0
4086,8.0
3203,8.0
3722,5.0
2761,8.0
1889,8.0
3546,8.0
10503,8.0
7017,8.0
8391,8.0
10850,3.0
3578,5.0
10709,8.0
4831,8.0
2033,4.0
9302,8.0
2283,8.0
3334,8.0
10014,8.0
7306,8.0
5819,8.0
3696,8.0
7294,6.0
1627,8.0
8668,6.0
11014,8.0
4749,5.0
7441,8.0
10899,6.0
40,4.0
8882,6.0
3481,8.0
5242,8.0
2442,8.0
12703,8.0
8938,8.0
3174,8.0
1696,8.0
9024,6.0
10435,8.0
5189,8.0
5384,7.0
6827,8.0
9860,4.0
3422,8.0
11093,5.0
2997,8.0
7660,7.0
1255,3.0
268,4.0
2005,8.0
442,8.0
12397,8.0
6314,8.0
3020,8.0
4303,6.0
3358,8.0
8943,8.0
12354,8.0
4239,8.0
9599,2.0
5742,7.0
1847,8.0
5692,8.0
615,7.0
176,8.0
6897,1.0
10348,8.0
11958,8.0
280,8.0
816,2.0
9195,8.0
12828,8.0
11844,8.0
10565,8.0
6528,2.0
1419,8.0
12365,6.0
1074,8.0
10946,8.0
677,8.0
10502,6.0
10792,8.0
6426,7.0
6211,8.0
264,3.0
11782,4.0
10130,8.0
8370,8.0
8089,3.0
5134,8.0
3969,8.0
8478,6.0
2095,7.0
12200,8.0
9895,5.0
9262,8.0
2353,3.0
11246,8.0
2510,8.0
6312,8.0
7346,2.0
6631,6.0
7616,2.0
7534,8.0
7757,7.0
2681,8.0
6059,8.0
5185,8.0
4773,8.0
9177,8.0
7623,5.0
6069,8.0
1105,6.0
1869,4.0
963,8.0
5172,8.0
10079,8.0
5372,8.0
1980,3.0
3868,8.0
794,3.0
2265,8.0
3729,4.0
9825,3.0
4040,4.0
9359,8.0
7419,8.0
7144,8.0
3064,8.0
7832,8.0
3320,2.0
4728,8.0
7264,8.0
10920,7.0
12164,4.0
5006,8.0
6764,8.0
2523,8.0
1385,8.0
2002,2.0
9680,8.0
10378,8.0
11920,6.0
8919,8.0
8731,8.0
7520,8.0
8105,8.0
11618,8.0
9105,4.0
3283,8.0
7586,5.0
9857,8.0
10416,8.0
8333,8.0
7186,4.0
5022,4.0
5433,8.0
11043,8.0
1371,8.0
2647,8.0
3042,7.0
1077,6.0
4023,7.0
10978,8.0
5962,8.0
3575,8.0
5463,8.0
1686,8.0
4200,8.0
1865,8.0
10374,8.0
1733,4.0
250,8.0
3964,8.0
3402,8.0
12704,5.0
6868,2.0
5563,3.0
12240,8.0
11212,8.0
3937,8.0
9214,8.0
7500,8.0
5450,8.0
3798,8.0
4474,4.0
2853,8.0
1220,8.0
415,8.0
10383,8.0
5726,8.0
2645,8.0
12406,7.0
11925,8.0
8181,5.0
11789,5.0
2017,8.0
2748,8.0
11322,8.0
2292,4.0
7984,8.0
11839,8.0
1992,8.0
4254,8.0
7961,5.0
12576,8.0
3714,7.0
12334,8.0
230,2.0
2586,8.0
2478,8.0
4046,8.0
7720,8.0
241,8.0
6289,8.0
11703,8.0
11252,3.0
10151,8.0
7555,8.0
4836,5.0
808,8.0
9027,8.0
12741,8.0
2666,8.0
9482,8.0
2202,4.0
3243,2.0
12187,8.0
3862,8.0
8019,8.0
10590,8.0
5121,2.0
10853,1.0
8079,5.0
6734,8.0
5361,4.0
2659,8.0
3152,8.0
7514,5.0
8372,8.0
3202,8.0
1201,8.0
5371,7.0
2293,8.0
3021,8.0
1112,3.0
10852,8.0
443,6.0
3346,8.0
12825,8.0
10586,3.0
7565,3.0
5298,2.0
1682,7.0
2226,8.0
1905,8.0
2725,4.0
4842,7.0
8695,6.0
11119,8.0
559,7.0
5678,5.0
4994,8.0
2256,7.0
7386,8.0
5750,8.0
2327,8.0
11977,8.0
106,4.0
3038,8.0
7750,8.0
7341,8.0
2013,8.0
4181,2.0
7423,6.0
10763,8.0
3511,5.0
292,5.0
4766,7.0
7768,7.0
11584,8.0
6277,8.0
11814,8.0
2239,8.0
11518,2.0
9180,8.0
1110,4.0
4970,8.0
580,8.0
6219,5.0
4441,8.0
3058,8.0
760,8.0
10800,8.0
11660,3.0
6133,5.0
8432,6.0
11862,8.0
10199,8.0
10647,8.0
7250,8.0
8398,4.0
6449,8.0
9062,8.0
1314,2.0
1976,8.0
7204,8.0
6903,8.0
5394,7.0
1329,3.0
9554,8.0
5383,8.0
6664,8.0
9092,8.0
1988,8.0
2571,8.0
1856,2.0
7808,8.0
11959,6.0
2944,8.0
5136,5.0
7227,8.0
8931,8.0
6483,8.0
9265,4.0
7901,3.0
8087,8.0
1161,8.0
10423,3.0
7853,8.0
7029,8.0
9541,8.0
11460,4.0
9114,6.0
10977,4.0
12714,8.0
12503,8.0
11082,8.0
4818,4.0
5810,8.0
9268,8.0
8186,3.0
194,3.0
6176,3.0
380,3.0
5097,8.0
3528,8.0
1196,8.0
9742,8.0
10543,2.0
3648,8.0
619,8.0
8107,8.0
8969,8.0
12401,7.0
1695,8.0
9320,3.0
7172,8.0
11760,8.0
11527,7.0
12298,4.0
10176,8.0
1759,8.0
6168,8.0
7482,2.0
6341,2.0
12507,7.0
6633,3.0
7075,8.0
1624,4.0
2468,8.0
5313,8.0
1180,8.0
5251,4.0
9172,8.0
8170,4.0
4284,5.0
11548,5.0
4271,8.0
2205,5.0
2067,8.0
3504,8.0
7195,8.0
8625,5.0
4550,2.0
9277,3.0
8054,3.0
10521,8.0
6186,8.0
7957,8.0
10758,8.0
7746,7.0
6589,8.0
10959,2.0
6343,8.0
12816,4.0
6941,2.0
10463,8.0
6109,6.0
6701,8.0
262,8.0
5498,4.0
2810,6.0
5641,2.0
7793,8.0
4739,8.0
1720,8.0
1669,8.0
1390,6.0
27,8.0
3181,6.0
7225,8.0
7194,8.0
11491,5.0
9188,8.0
3311,8.0
931,8.0
2621,8.0
3839,6.0
867,4.0
4709,3.0
9201,6.0
11757,8.0
11786,6.0
6829,8.0
9773,8.0
6780,8.0
1642,8.0
853,4.0
4241,8.0
6991,8.0
7642,5.0
1046,2.0
11771,3.0
9352,8.0
12214,8.0
6415,8.0
8803,8.0
2472,8.0
7119,8.0
10162,8.0
464,5.0
9877,5.0
2598,8.0
2455,8.0
11282,8.0
1536,8.0
3288,8.0
7811,8.0
1052,6.0
9145,4.0
5497,6.0
11397,8.0
10053,8.0
11425,4.0
4495,8.0
2028,8.0
3806,8.0
4479,8.0
8071,4.0
5765,8.0
5188,8.0
3739,8.0
12756,8.0
5338,5.0
7358,8.0
9785,2.0
5128,8.0
6811,8.0
4464,8.0
3154,8.0
1115,8.0
11950,5.0
2097,8.0
7456,5.0
5651,5.0
3237,8.0
10008,4.0
7731,8.0
11393,3.0
12654,8.0
4397,8.0
10107,1.0
7628,6.0
3731,8.0
11713,8.0
9089,7.0
5706,8.0
2107,6.0
5425,8.0
2617,4.0
12403,2.0
3238,8.0
11473,8.0
560,8.0
11790,8.0
8760,6.0
6480,8.0
8740,2.0
3795,6.0
2564,8.0
7581,8.0
2788,8.0
801,8.0
9847,8.0
2738,6.0
6919,4.0
4501,2.0
1304,8.0
4514,8.0
2344,8.0
8415,3.0
6507,8.0
7982,8.0
3224,3.0
1647,8.0
5866,8.0
348,3.0
12748,8.0
1205,6.0
1971,8.0
5165,7.0
10790,8.0
6308,8.0
1998,5.0
12410,7.0
8286,7.0
2473,8.0
8247,3.0
9101,8.0
9254,2.0
10154,8.0
4996,8.0
11796,5.0
2963,8.0
761,6.0
8321,7.0
10235,4.0
1888,2.0
8134,8.0
5590,3.0
5293,8.0
12250,8.0
9170,8.0
3071,8.0
3913,8.0
3593,8.0
3549,8.0
10768,8.0
7890,8.0
199,3.0
8243,7.0
2416,8.0
4891,8.0
566,8.0
5122,8.0
1274,8.0
12016,8.0
7762,6.0
6061,8.0
5619,2.0
8074,8.0
3473,5.0
4195,8.0
5238,8.0
48,8.0
4976,7.0
12213,8.0
4196,8.0
6039,8.0
7488,4.0
3469,8.0
10784,8.0
5297,4.0
12389,4.0
2867,8.0
7474,7.0
11608,3.0
2901,8.0
4843,4.0
6190,6.0
11577,7.0
3730,8.0
9568,2.0
10048,8.0
9964,8.0
11396,1.0
4667,8.0
11513,8.0
3185,3.0
2521,8.0
843,4.0
549,6.0
6849,3.0
12817,8.0
5184,8.0
7551,8.0
8098,8.0
9698,8.0
8045,8.0
11655,5.0
1302,2.0
924,8.0
9221,6.0
3176,8.0
9345,8.0
3641,4.0
11377,4.0
4297,7.0
1130,6.0
5499,8.0
6086,8.0
6490,8.0
2749,8.0
10608,8.0
2508,8.0
5485,8.0
7927,8.0
293,8.0
4422,4.0
8652,8.0
4310,8.0
5113,8.0
12051,8.0
9091,8.0
12592,2.0
7134,8.0
6204,8.0
6236,5.0
2470,8.0
7347,8.0
4974,5.0
6216,8.0
8932,2.0
4043,2.0
1114,5.0
8816,8.0
8007,3.0
5958,3.0
9278,3.0
3861,8.0
7097,5.0
8232,8.0
8002,8.0
3028,8.0
7734,6.0
1511,8.0
164,8.0
2559,8.0
9987,2.0
9260,6.0
929,8.0
2888,8.0
1785,4.0
1978,5.0
10270,6.0
554,8.0
2805,5.0
9654,8.0
374,3.0
12707,8.0
3116,6.0
11486,8.0
9648,8.0
6350,7.0
10601,2.0
7835,8.0
11619,8.0
7168,8.0
7937,3.0
7557,4.0
11242,8.0
8583,6.0
6252,7.0
2871,8.0
9567,8.0
11451,8.0
341,8.0
6564,2.0
6587,8.0
12311,2.0
1057,8.0
10517,8.0
5146,5.0
4653,8.0
4228,4.0
9150,8.0
7974,8.0
12309,8.0
1743,8.0
4961,8.0
462,8.0
12803,4.0
4471,8.0
1566,8.0
9120,4.0
7672,8.0
1492,7.0
3962,2.0
172,8.0
10939,8.0
6440,8.0
2191,2.0
3594,6.0
5016,8.0
5580,8.0
12799,6.0
7151,8.0
9313,4.0
12385,5.0
11707,6.0
8590,8.0
603,8.0
2207,8.0
1382,8.0
11187,8.0
8660,8.0
11429,7.0
2051,8.0
3601,8.0
7529,5.0
10259,8.0
4837,5.0
11295,8.0
2402,2.0
12111,8.0
6597,8.0
5078,8.0
365,8.0
1681,7.0
665,8.0
8459,3.0
8191,8.0
8026,8.0
3670,8.0
7946,4.0
7359,3.0
822,6.0
12572,8.0
11390,8.0
6826,8.0
2762,8.0
2696,5.0
11408,8.0
12235,8.0
4344,6.0
8705,8.0
1809,8.0
123,8.0
5516,3.0
8273,8.0
7489,8.0
6351,8.0
3615,2.0
4926,3.0
11285,8.0
6883,8.0
2619,4.0
2375,4.0
4943,8.0
9450,8.0
11694,4.0
8836,8.0
7791,5.0
4074,8.0
8305,8.0
592,8.0
5245,3.0
4636,8.0
6193,5.0
9018,3.0
2145,7.0
5276,8.0
12332,7.0
12259,8.0
439,8.0
6940,2.0
8362,8.0
12110,6.0
7770,3.0
7030,8.0
9761,8.0
1831,8.0
5634,7.0
6638,2.0
11662,6.0
3241,8.0
11554,8.0
12105,5.0
3018,8.0
10104,8.0
1134,2.0
248,8.0
6005,8.0
1226,5.0
10976,8.0
1582,8.0
9663,8.0
11866,8.0
4721,8.0
7220,8.0
12486,3.0
3692,8.0
2593,6.0
1117,8.0
5487,8.0
8546,4.0
7048,8.0
7518,8.0
2856,5.0
6474,7.0
10321,2.0
6148,8.0
4834,8.0
9975,8.0
2187,8.0
9017,8.0
6503,7.0
1777,8.0
9989,7.0
12328,8.0
5976,8.0
3872,8.0
3756,8.0
10947,6.0
8357,3.0
1506,8.0
4780,5.0
563,8.0
508,8.0
10771,4.0
12609,8.0
335,8.0
10667,8.0
10425,7.0
10211,2.0
7886,8.0
11476,2.0
11687,8.0
298,6.0
5974,6.0
9124,3.0
6246,5.0
10306,2.0
2448,5.0
9593,2.0
3343,8.0
1542,8.0
555,8.0
10869,8.0
12635,5.0
4012,8.0
11781,8.0
10266,3.0
10481,5.0
5193,8.0
7497,7.0
9899,6.0
12765,8.0
372,8.0
516,8.0
12396,8.0
10281,8.0
9008,2.0
9306,3.0
7176,2.0
12600,8.0
10227,5.0
11611,8.0
8404,8.0
7008,8.0
1351,8.0
6682,8.0
2713,8.0
162,8.0
12431,5.0
4485,8.0
10945,5.0
3930,5.0
3273,7.0
5830,6.0
10189,8.0
3938,8.0
12413,8.0
3277,8.0
9879,8.0
8917,8.0
4785,5.0
6546,8.0
3650,8.0
8621,2.0
9891,8.0
1334,4.0
1896,8.0
9820,6.0
4788,8.0
11153,4.0
7577,8.0
11034,8.0
8822,8.0
6214,8.0
11565,6.0
2728,6.0
4382,8.0
10238,8.0
9687,8.0
256,8.0
10410,8.0
458,6.0
3697,8.0
2394,8.0
7632,8.0
906,8.0
4336,8.0
2949,5.0
2157,8.0
4233,8.0
860,5.0
1309,8.0
1177,3.0
8385,8.0
4160,3.0
1787,5.0
12650,8.0
4207,8.0
9469,8.0
1413,8.0
8056,8.0
9019,7.0
11580,8.0
9623,8.0
3681,8.0
2565,6.0
6806,7.0
9896,7.0
3525,5.0
6385,5.0
11502,8.0
2776,2.0
6111,4.0
1729,5.0
7343,8.0
6451,8.0
12293,8.0
4300,8.0
10805,8.0
7148,7.0
700,8.0
5373,4.0
143,7.0
6818,8.0
4329,8.0
7177,3.0
1503,8.0
1674,4.0
1154,8.0
7674,8.0
8639,8.0
11812,6.0
5141,8.0
9978,8.0
8155,4.0
3894,8.0
12827,8.0
454,8.0
1798,2.0
6531,1.0
988,8.0
10198,3.0
4767,8.0
5588,8.0
11799,8.0
1393,8.0
2942,8.0
9634,8.0
8843,8.0
6722,8.0
755,8.0
6855,8.0
8556,8.0
2484,3.0
586,6.0
11664,8.0
9574,8.0
5181,8.0
9229,6.0
5770,8.0
11323,8.0
3134,8.0
7214,8.0
8293,8.0
2885,8.0
11363,8.0
3121,8.0
227,8.0
5704,7.0
8671,2.0
4358,8.0
7805,8.0
6746,8.0
6540,8.0
11944,8.0
6120,3.0
3401,6.0
10732,5.0
10507,8.0
1306,5.0
10289,3.0
8748,8.0
10304,8.0
1018,6.0
10205,8.0
9880,8.0
2793,8.0
9434,8.0
4105,8.0
4990,2.0
8758,8.0
7709,3.0
8572,8.0
5637,2.0
10328,8.0
161,1.0
12584,8.0
4969,8.0
8815,2.0
1500,8.0
623,8.0
5662,5.0
4277,3.0
5479,8.0
9748,4.0
4516,2.0
5533,3.0
4143,3.0
5101,8.0
2814,2.0
8858,6.0
1861,8.0
6057,8.0
5221,8.0
11202,6.0
3664,8.0
3904,8.0
2509,8.0
2760,8.0
10394,3.0
9509,8.0
11974,8.0
4349,8.0
4357,8.0
3418,8.0
2838,6.0
4312,6.0
5270,8.0
1164,8.0
4623,2.0
5844,8.0
5574,8.0
1549,7.0
7104,8.0
1261,8.0
11508,8.0
8738,8.0
10021,8.0
11262,8.0
12762,8.0
4938,8.0
6905,4.0
7912,7.0
4964,8.0
12697,8.0
8012,7.0
8380,8.0
5247,4.0
9288,8.0
11669,6.0
10089,8.0
5811,2.0
9160,4.0
7165,8.0
8539,6.0
11851,8.0
9887,8.0
11902,2.0
11980,4.0
3897,8.0
8961,5.0
9783,8.0
2356,8.0
9804,4.0
2678,4.0
8203,8.0
5229,8.0
45,7.0
7938,8.0
6740,6.0
378,8.0
4085,2.0
9622,8.0
6744,8.0
1477,8.0
1799,8.0
764,8.0
5483,4.0
992,8.0
2034,3.0
1665,8.0
11056,4.0
5682,8.0
2066,5.0
639,8.0
6194,2.0
8353,3.0
12027,8.0
2798,8.0
7045,8.0
12063,3.0
1277,5.0
12153,6.0
3411,8.0
10404,8.0
188,2.0
4578,8.0
8003,8.0
11217,8.0
2830,8.0
10168,1.0
307,4.0
3554,8.0
6056,8.0
6290,8.0
8043,8.0
3514,8.0
2021,8.0
4677,4.0
1752,8.0
3344,8.0
7049,8.0
7486,8.0
9725,8.0
2428,3.0
10990,8.0
2018,8.0
169,6.0
4118,7.0
3571,5.0
11336,8.0
633,8.0
11097,8.0
2862,8.0
6189,8.0
4863,2.0
2257,2.0
5332,8.0
4381,8.0
1577,8.0
12390,8.0
4238,5.0
12317,8.0
8278,8.0
1342,5.0
1620,2.0
8498,1.0
6698,8.0
2573,8.0
11828,6.0
2570,6.0
11838,8.0
5814,8.0
12491,8.0
1914,8.0
1898,8.0
8930,3.0
2715,8.0
7183,8.0
10065,8.0
6759,4.0
9824,7.0
7541,8.0
5239,8.0
3366,8.0
466,6.0
11114,8.0
4258,5.0
6406,8.0
8014,8.0
11178,2.0
178,8.0
12257,8.0
404,5.0
3360,8.0
6810,8.0
9935,8.0
2916,8.0
8495,8.0
1375,8.0
7566,8.0
3912,4.0
6301,6.0
2156,2.0
5539,2.0
9970,8.0
7018,2.0
4787,8.0
5156,8.0
3400,5.0
7911,4.0
2441,8.0
4232,8.0
7272,8.0
9746,8.0
2638,1.0
8800,1.0
3917,6.0
9422,2.0
2831,2.0
1702,8.0
7638,8.0
4009,8.0
9644,8.0
3942,8.0
4296,8.0
5879,8.0
11653,8.0
431,8.0
1748,8.0
2025,6.0
8067,7.0
7687,8.0
6256,8.0
11640,2.0
5545,8.0
1460,8.0
6361,8.0
8663,4.0
8402,5.0
1400,8.0
3162,6.0
5674,8.0
9962,8.0
8542,7.0
6519,4.0
78,8.0
5421,8.0
10660,8.0
590,8.0
5881,4.0
5099,8.0
5677,8.0
4062,8.0
5029,8.0
12262,8.0
12718,6.0
4931,8.0
11763,8.0
2971,7.0
7608,2.0
9523,8.0
11328,4.0
8394,8.0
7060,4.0
3552,8.0
11426,8.0
6224,8.0
1603,8.0
7824,8.0
3395,4.0
377,8.0
11670,4.0
6339,8.0
948,3.0
3654,8.0
3690,8.0
7373,8.0
6444,8.0
4813,8.0
6758,8.0
3167,8.0
3987,8.0
12758,4.0
2418,6.0
12819,8.0
8198,8.0
12451,8.0
520,8.0
3119,8.0
7480,8.0
2769,6.0
4244,7.0
5657,8.0
1927,8.0
12456,8.0
5211,8.0
10684,8.0
9316,7.0
7715,8.0
10613,2.0
6958,8.0
4188,8.0
12085,8.0
7142,8.0
972,8.0
1279,8.0
8376,8.0
10072,8.0
5040,6.0
2900,8.0
921,4.0
122,7.0
315,8.0
6467,8.0
6051,8.0
10777,8.0
12711,8.0
1970,5.0
7936,8.0
11435,5.0
12367,5.0
11962,8.0
4604,5.0
596,8.0
5868,2.0
3052,8.0
6990,8.0
11621,8.0
10165,8.0
5117,3.0
2235,8.0
2179,8.0
5130,8.0
3177,8.0
1068,8.0
11698,8.0
1126,8.0
6671,8.0
5891,8.0
8137,8.0
3740,8.0
1713,8.0
10942,8.0
9681,8.0
2641,8.0
10403,8.0
11629,5.0
691,4.0
12302,6.0
5552,8.0
4229,5.0
7543,8.0
9677,8.0
8040,8.0
11514,8.0
7970,8.0
24,3.0
11370,4.0
5436,8.0
3891,8.0
5730,3.0
5938,8.0
10810,8.0
501,3.0
3299,7.0
1650,3.0
1853,2.0
10011,8.0
12415,4.0
12412,5.0
8274,7.0
12544,8.0
12374,6.0
7598,8.0
11470,8.0
3551,8.0
2516,8.0
5168,6.0
5964,7.0
11095,8.0
5892,8.0
3865,8.0
12319,8.0
6766,8.0
5569,6.0
9926,8.0
5699,8.0
7730,8.0
9097,8.0
8431,8.0
5214,8.0
6018,4.0
9525,8.0
1116,7.0
3708,6.0
734,7.0
10092,8.0
890,8.0
4408,8.0
5137,8.0
4454,8.0
11638,3.0
10706,8.0
4631,7.0
4532,4.0
7950,4.0
5963,8.0
4923,8.0
714,8.0
4469,8.0
713,8.0
1840,8.0
7596,8.0
1663,4.0
6410,4.0
1910,8.0
5609,8.0
12808,7.0
10040,5.0
12567,8.0
1570,8.0
1028,8.0
11318,8.0
2343,8.0
12388,2.0
11859,8.0
2669,8.0
1690,8.0
9381,2.0
2261,8.0
12676,7.0
1475,8.0
9174,8.0
5635,5.0
360,8.0
430,8.0
11747,6.0
6787,8.0
10756,8.0
12155,8.0
5520,2.0
6364,7.0
2945,7.0
9437,8.0
3083,5.0
1186,8.0
7915,5.0
3138,8.0
4557,8.0
4671,8.0
11583,4.0
9852,5.0
695,8.0
11478,5.0
5049,8.0
8905,8.0
9183,8.0
6817,8.0
6600,8.0
2903,8.0
11303,8.0
5751,4.0
7834,8.0
5447,8.0
9647,8.0
6469,8.0
11973,3.0
4179,8.0
8386,8.0
441,8.0
7326,8.0
11151,8.0
8988,5.0
4218,8.0
6430,6.0
1576,8.0
7702,7.0
9232,8.0
11933,7.0
11916,3.0
4092,8.0
2354,6.0
8712,8.0
10265,3.0
224,8.0
4703,8.0
136,8.0
5853,7.0
5096,8.0
1202,8.0
5316,8.0
5946,4.0
9103,8.0
6650,8.0
8347,6.0
2770,8.0
5950,8.0
4335,8.0
2210,8.0
8384,3.0
6368,8.0
12639,8.0
7635,8.0
6611,5.0
9012,8.0
8264,8.0
11481,6.0
7705,8.0
8649,4.0
12443,8.0
1707,2.0
5412,8.0
1397,8.0
7020,8.0
964,5.0
10989,8.0
11688,6.0
979,8.0
1170,8.0
10742,8.0
2492,8.0
2168,8.0
3544,4.0
10797,2.0
6007,8.0
6620,2.0
7459,8.0
9347,8.0
2502,8.0
6304,8.0
12646,8.0
3733,7.0
3178,8.0
10385,5.0
6097,4.0
12419,6.0
4004,2.0
5504,8.0
2575,8.0
8009,3.0
6103,8.0
1192,7.0
6218,4.0
11463,8.0
3309,8.0
6718,8.0
9267,8.0
997,2.0
32,8.0
4374,5.0
6238,2.0
12022,8.0
4853,5.0
10436,8.0
10319,4.0
12521,8.0
8081,8.0
6068,7.0
156,8.0
3078,8.0
9955,8.0
9032,8.0
3075,7.0
9473,7.0
6071,4.0
451,5.0
1820,8.0
387,1.0
12204,6.0
9913,4.0
7785,8.0
5856,8.0
5593,8.0
11264,8.0
11300,8.0
5711,4.0
5796,8.0
4302,3.0
11743,3.0
6270,8.0
10140,3.0
9443,8.0
5445,3.0
8887,6.0
6751,2.0
4500,8.0
1488,8.0
3855,8.0
5834,8.0
60,8.0
11281,4.0
4007,7.0
1580,8.0
1938,8.0
1837,8.0
8750,5.0
12739,7.0
8242,4.0
1179,6.0
7376,8.0
4518,8.0
3776,8.0
8148,8.0
3156,7.0
1363,8.0
11022,8.0
5615,8.0
3051,8.0
4865,8.0
10149,8.0
460,8.0
8128,8.0
2938,7.0
9405,8.0
4026,8.0
2465,8.0
10554,8.0
856,8.0
8388,8.0
9360,8.0
6943,8.0
8031,8.0
1846,8.0
8355,7.0
11692,3.0
12716,8.0
11924,8.0
2184,8.0
7317,6.0
7639,8.0
7226,3.0
9612,8.0
7799,8.0
1968,8.0
254,8.0
10193,8.0
4177,2.0
2116,6.0
3944,2.0
645,8.0
2624,4.0
3661,6.0
4158,8.0
12517,4.0
8123,8.0
3531,6.0
2802,8.0
11450,8.0
9692,8.0
7625,8.0
2406,8.0
6536,8.0
12506,8.0
7158,8.0
11627,8.0
3193,8.0
2818,8.0
2380,8.0
10685,8.0
5987,8.0
10018,6.0
1972,8.0
7490,8.0
7073,8.0
11889,8.0
3585,8.0
7851,8.0
10407,8.0
11955,8.0
12208,7.0
8114,8.0
2930,6.0
4006,8.0
2467,8.0
1109,5.0
9167,2.0
2879,5.0
9512,8.0
9088,4.0
1284,8.0
12258,8.0
6763,8.0
9968,8.0
8371,8.0
8928,8.0
1317,8.0
5824,8.0
637,7.0
2780,8.0
424,5.0
2958,8.0
1832,8.0
577,7.0
7707,8.0
4156,8.0
8015,3.0
2941,2.0
10820,8.0
4940,2.0
2121,8.0
10702,8.0
4142,8.0
2848,8.0
4730,5.0
3011,4.0
10338,8.0
5884,8.0
3810,8.0
1144,7.0
12405,8.0
8049,8.0
4963,8.0
100,8.0
3508,8.0
9925,8.0
11443,8.0
10905,7.0
4790,8.0
4770,8.0
7892,8.0
9920,8.0
7444,8.0
4130,3.0
5018,8.0
7722,6.0
9949,8.0
33,7.0
9042,8.0
1305,5.0
4580,8.0
9295,3.0
3307,3.0
10437,7.0
10793,8.0
6476,3.0
2301,8.0
12106,8.0
2407,2.0
7481,8.0
7439,8.0
1632,8.0
7894,4.0
5947,8.0
11536,8.0
6745,4.0
5870,6.0
2045,8.0
11528,8.0
2223,8.0
10956,8.0
5351,3.0
2910,1.0
3947,8.0
10038,8.0
8881,8.0
3732,2.0
7365,8.0
2003,8.0
3093,8.0
8994,5.0
10564,3.0
7005,2.0
6438,8.0
10804,5.0
9950,8.0
11774,8.0
7339,6.0
11225,1.0
6257,8.0
2807,8.0
3689,8.0
10575,8.0
4372,5.0
11626,8.0
12104,8.0
1504,7.0
9751,8.0
7254,6.0
12359,8.0
9539,7.0
4154,8.0
4878,8.0
3337,5.0
7559,8.0
11168,8.0
11161,8.0
1437,2.0
4323,6.0
9442,7.0
7582,8.0
5501,8.0
12245,8.0
810,8.0
12122,5.0
8205,5.0
4537,8.0
311,8.0
8292,8.0
2763,5.0
10439,2.0
10879,8.0
756,7.0
11891,8.0
448,5.0
11020,8.0
7650,4.0
9973,8.0
7964,8.0
2229,8.0
5286,8.0
8801,8.0
840,8.0
422,5.0
9099,2.0
11649,8.0
8895,2.0
8570,8.0
9418,8.0
8409,8.0
513,4.0
1708,3.0
7767,4.0
11106,8.0
1353,8.0
3746,2.0
12074,8.0
8968,7.0
7242,4.0
5512,3.0
793,5.0
3301,8.0
6324,8.0
6328,5.0
10606,8.0
10012,8.0
9640,3.0
9224,8.0
11090,8.0
7380,8.0
9375,8.0
3166,3.0
3403,8.0
1015,2.0
4377,2.0
12747,1.0
2127,8.0
4602,5.0
4637,4.0
5816,8.0
9223,8.0
12519,8.0
3082,5.0
4545,8.0
8585,2.0
10700,8.0
797,8.0
12608,2.0
4502,8.0
12242,5.0
3561,8.0
3812,3.0
11750,4.0
7431,8.0
11417,3.0
8857,8.0
4367,6.0
109,8.0
2828,8.0
1848,5.0
8048,8.0
7100,8.0
1041,8.0
1095,6.0
8952,8.0
3439,8.0
9702,8.0
3918,8.0
9678,8.0
7258,8.0
9839,8.0
7967,8.0
12092,7.0
11850,6.0
1944,8.0
2732,8.0
5783,5.0
8516,4.0
11226,5.0
1635,6.0
7146,2.0
3460,7.0
132,8.0
4944,8.0
4716,8.0
5422,8.0
12564,8.0
3877,7.0
8683,8.0
11291,3.0
2768,4.0
9699,6.0
10806,3.0
4692,8.0
12146,8.0
6085,2.0
8425,8.0
99,8.0
6177,5.0
2583,6.0
5133,8.0
4205,3.0
7041,2.0
7015,7.0
7888,8.0
9533,8.0
1945,8.0
11551,8.0
10628,4.0
4351,7.0
12161,8.0
10475,3.0
7931,8.0
6033,8.0
11472,8.0
2720,8.0
12440,4.0
727,4.0
12631,8.0
2562,8.0
6267,8.0
2254,8.0
9194,3.0
12496,4.0
11768,8.0
6072,8.0
10787,8.0
8716,8.0
5493,6.0
2847,7.0
3566,8.0
11847,8.0
12288,8.0
4587,8.0
8986,8.0
8210,5.0
2042,8.0
11765,3.0
3265,5.0
1955,7.0
4083,2.0
11641,8.0
6502,6.0
5323,7.0
9329,3.0
5469,8.0
6481,8.0
11697,8.0
8885,8.0
3887,8.0
11576,8.0
10204,2.0
8470,8.0
5983,8.0
5850,8.0
6723,7.0
6767,8.0
4415,8.0
5633,6.0
12168,8.0
3406,8.0
9794,8.0
12569,8.0
9115,8.0
4572,4.0
884,8.0
1892,5.0
1605,8.0
607,8.0
2209,3.0
12548,7.0
3637,8.0
2198,2.0
6203,8.0
578,8.0
3114,4.0
5867,7.0
1341,5.0
3928,8.0
2038,8.0
9470,8.0
6599,5.0
10384,8.0
1468,8.0
7784,8.0
5062,4.0
1600,8.0
8195,8.0
831,8.0
1489,8.0
10917,8.0
11488,8.0
6036,7.0
9763,3.0
12175,8.0
2296,7.0
9004,8.0
6544,8.0
7078,8.0
1803,8.0
4850,6.0
12107,8.0
12612,7.0
11991,8.0
2791,7.0
8937,8.0
10736,8.0
3981,8.0
5980,8.0
6708,5.0
2177,8.0
3110,8.0
3035,8.0
9875,8.0
11311,8.0
11556,5.0
8519,8.0
4747,3.0
2843,8.0
10152,8.0
37,8.0
7316,5.0
10591,5.0
6523,5.0
3468,8.0
10632,8.0
4942,8.0
2324,4.0
5057,2.0
4224,6.0
9276,8.0
7,7.0
10298,8.0
5550,4.0
4067,5.0
2431,8.0
2927,8.0
6274,8.0
3127,5.0
10139,7.0
9294,5.0
10207,8.0
6685,4.0
8873,8.0
11699,8.0
9607,8.0
10451,8.0
7350,1.0
9388,7.0
10380,4.0
12494,8.0
4554,8.0
9274,8.0
11515,4.0
10391,1.0
8610,8.0
4840,8.0
8792,8.0
6390,3.0
10906,8.0
8319,2.0
12615,8.0
4936,3.0
8119,8.0
7743,6.0
10633,2.0
5199,5.0
6972,8.0
879,8.0
2371,8.0
3223,8.0
5973,6.0
8076,8.0
11218,6.0
6927,3.0
5088,8.0
9851,8.0
12818,2.0
3212,8.0
6404,4.0
10402,6.0
12007,8.0
12794,4.0
10333,7.0
1672,8.0
2476,8.0
11214,8.0
5233,8.0
4182,8.0
12518,8.0
4014,5.0
2491,7.0
7022,8.0
2074,7.0
1593,2.0
2469,3.0
3631,8.0
11545,8.0
8428,5.0
2063,8.0
3529,8.0
915,7.0
4991,8.0
7442,6.0
894,4.0
112,2.0
518,8.0
8101,8.0
3459,5.0
6482,7.0
6439,8.0
473,4.0
6389,8.0
1061,8.0
7322,4.0
1331,8.0
4549,8.0
1310,8.0
523,8.0
9969,8.0
10121,1.0
11643,8.0
11087,2.0
4389,6.0
9867,8.0
11340,8.0
10067,8.0
12743,8.0
9058,5.0
12640,8.0
1878,2.0
8979,8.0
4290,2.0
5573,7.0
4846,8.0
6374,8.0
12210,8.0
3869,8.0
10108,7.0
10353,6.0
1269,8.0
604,5.0
11690,8.0
8974,8.0
9566,7.0
4577,8.0
539,7.0
3000,8.0
8927,8.0
1120,3.0
782,8.0
5560,5.0
7163,8.0
4396,8.0
5997,8.0
7771,8.0
5597,8.0
3457,6.0
10326,8.0
3896,3.0
4380,4.0
2024,6.0
7062,6.0
544,7.0
421,2.0
4603,2.0
11561,8.0
3365,8.0
3532,8.0
8912,8.0
9300,6.0
8229,8.0
6,8.0
7081,8.0
826,8.0
5508,8.0
6099,7.0
1152,8.0
9711,8.0
11943,8.0
11716,7.0
6922,8.0
11607,4.0
12393,2.0
8755,8.0
10640,8.0
4690,8.0
8697,3.0
6585,8.0
2546,5.0
4968,8.0
369,6.0
7215,8.0
120,3.0
7815,4.0
2049,8.0
4110,3.0
9009,7.0
1991,5.0
62,8.0
9266,8.0
1929,8.0
187,8.0
4975,7.0
11353,6.0
9904,8.0
809,8.0
2012,8.0
8670,8.0
5114,8.0
6613,8.0
5592,8.0
10491,8.0
7260,7.0
11819,3.0
3858,8.0
11823,4.0
11597,8.0
3847,8.0
5475,8.0
5606,8.0
938,6.0
10659,8.0
8212,2.0
1376,8.0
6609,8.0
9872,8.0
2396,3.0
926,8.0
1209,8.0
5887,3.0
1214,8.0
9200,8.0
12132,8.0
4581,8.0
3953,8.0
2724,8.0
748,8.0
6630,8.0
18,7.0
9182,8.0
2027,2.0
6161,6.0
4796,7.0
8890,8.0
11704,8.0
5739,4.0
2783,8.0
3966,8.0
10310,2.0
2623,8.0
6199,8.0
12162,5.0
8227,8.0
10898,8.0
1852,8.0
1597,8.0
10219,8.0
3705,6.0
8194,8.0
2915,8.0
1868,8.0
7866,4.0
4173,8.0
9448,3.0
7729,4.0
7239,8.0
5934,8.0
3890,8.0
3022,3.0
2290,8.0
2835,8.0
1951,8.0
6179,8.0
7708,4.0
12163,8.0
9694,6.0
3718,8.0
7388,8.0
2646,8.0
7289,8.0
8602,6.0
2809,8.0
4950,8.0
10592,4.0
9249,8.0
1203,8.0
8065,5.0
8213,3.0
7579,4.0
6035,2.0
5720,7.0
1445,8.0
2854,8.0
8060,8.0
7463,8.0
2260,8.0
8017,6.0
1765,8.0
9560,8.0
2379,4.0
10125,5.0
3666,8.0
2294,8.0
2895,8.0
2174,8.0
1347,8.0
8589,6.0
7164,4.0
1979,8.0
11309,2.0
3136,6.0
2754,2.0
10969,8.0
8140,8.0
7539,8.0
8567,8.0
11135,8.0
5935,8.0
3600,8.0
470,6.0
9425,8.0
12322,8.0
8825,4.0
10320,8.0
1458,7.0
5464,8.0
9511,3.0
12256,8.0
8115,3.0
7335,5.0
11877,8.0
2036,7.0
437,8.0
2374,8.0
12010,8.0
5403,4.0
9426,2.0
12446,6.0
5755,8.0
2483,8.0
12678,8.0
9979,8.0
4552,6.0
12474,8.0
2705,8.0
1926,5.0
5424,8.0
7792,7.0
12299,5.0
7611,8.0
7370,8.0
2405,6.0
11254,7.0
660,8.0
10643,4.0
783,6.0
7825,7.0
357,8.0
8407,5.0
6608,8.0
7690,8.0
6047,3.0
9584,8.0
10009,8.0
4525,8.0
4399,8.0
9805,8.0
8104,6.0
2552,8.0
9787,8.0
234,4.0
2711,8.0
7313,8.0
5775,8.0
2721,8.0
909,7.0
8108,8.0
3892,8.0
11740,8.0
4047,7.0
5847,4.0
7207,4.0
6276,8.0
8851,2.0
3098,2.0
5731,4.0
9507,8.0
9508,8.0
11468,6.0
6359,8.0
5250,8.0
4929,8.0
2826,8.0
1619,8.0
6326,8.0
324,5.0
2113,8.0
10381,8.0
11586,8.0
12179,8.0
7084,8.0
4905,8.0
3429,5.0
12136,3.0
6843,4.0
2176,8.0
12502,2.0
38,8.0
1422,8.0
10737,3.0
5416,8.0
2592,8.0
8496,8.0
11021,8.0
10794,8.0
3195,8.0
8996,7.0
5618,3.0
9021,8.0
4215,6.0
1747,3.0
2372,8.0
11646,3.0
6771,8.0
7670,4.0
7583,8.0
7881,2.0
10916,2.0
12145,8.0
11162,4.0
4547,7.0
5981,8.0
3876,8.0
5917,8.0
7473,1.0
5259,2.0
870,7.0
7023,8.0
1845,8.0
3761,8.0
11145,2.0
12207,8.0
7477,8.0
1094,5.0
12131,8.0
3390,8.0
7426,8.0
8035,4.0
2161,3.0
11253,4.0
11984,2.0
1648,8.0
5925,8.0
2806,4.0
6904,3.0
6077,8.0
1578,8.0
3428,8.0
502,5.0
83,6.0
6327,8.0
7987,8.0
8336,2.0
4095,8.0
12460,3.0
12125,8.0
3370,1.0
9873,8.0
506,8.0
8946,3.0
6064,8.0
6835,8.0
87,8.0
8505,7.0
6967,3.0
6757,8.0
10251,3.0
6266,6.0
4460,8.0
655,4.0
7362,8.0
2841,4.0
11125,8.0
10833,2.0
653,6.0
10122,8.0
5094,8.0
5202,5.0
12197,7.0
8860,7.0
3139,8.0
1822,8.0
11701,8.0
10314,8.0
4832,8.0
8669,6.0
9466,4.0
11994,8.0
12433,8.0
7298,5.0
7025,8.0
10815,8.0
8706,8.0
3550,8.0
11911,8.0
6866,8.0
6098,8.0
2490,5.0
7645,7.0
3608,8.0
148,5.0
3361,8.0
9230,8.0
10625,4.0
4308,8.0
5197,8.0
2742,4.0
862,8.0
10274,8.0
346,8.0
5555,8.0
9605,8.0
3036,8.0
694,7.0
9960,2.0
8960,7.0
6527,8.0
9273,8.0
3317,8.0
556,8.0
7031,2.0
1373,8.0
9874,3.0
3061,7.0
1932,6.0
5534,5.0
6856,8.0
6282,3.0
8980,5.0
11487,5.0
10460,4.0
8172,8.0
11730,7.0
8022,8.0
1040,5.0
803,3.0
429,4.0
2137,8.0
9701,8.0
4909,8.0
6417,8.0
4535,6.0
11160,2.0
4339,8.0
2626,8.0
4985,6.0
10526,8.0
5939,5.0
1758,8.0
3691,8.0
11559,8.0
5748,8.0
5990,8.0
1701,3.0
8454,6.0
3510,8.0
8601,8.0
1813,8.0
3568,8.0
4861,8.0
12695,8.0
1476,8.0
4914,8.0
10037,6.0
9107,8.0
8418,3.0
9911,6.0
11002,8.0
7424,8.0
7969,8.0
3703,8.0
7917,5.0
6239,5.0
11092,2.0
5290,8.0
3286,8.0
6182,3.0
839,8.0
1797,8.0
10276,8.0
11444,8.0
2921,8.0
8835,8.0
4591,8.0
11766,4.0
8586,8.0
9428,8.0
1667,4.0
2630,8.0
4227,8.0
10602,5.0
5305,3.0
4109,8.0
10933,4.0
3419,2.0
488,8.0
6212,8.0
7221,8.0
8209,8.0
8810,2.0
9741,8.0
4369,8.0
1738,8.0
4533,3.0
7074,5.0
7096,8.0
2240,8.0
8466,8.0
10412,8.0
806,8.0
3949,8.0
11567,8.0
2992,8.0
3998,5.0
7406,8.0
12088,3.0
12571,8.0
3253,2.0
10303,8.0
9619,8.0
2526,8.0
4713,8.0
889,8.0
2,7.0
3408,2.0
4859,8.0
11207,5.0
3767,7.0
10557,8.0
11969,6.0
11695,7.0
4231,8.0
2883,3.0
12219,8.0
10843,8.0
9220,5.0
5843,6.0
6901,8.0
3213,8.0
4993,8.0
10655,5.0
1900,8.0
5787,8.0
2434,8.0
6230,8.0
5769,5.0
9723,8.0
11152,8.0
7738,5.0
1340,8.0
10091,2.0
11492,4.0
9871,8.0
4376,5.0
10992,6.0
802,8.0
5646,1.0
7906,8.0
4149,2.0
10082,3.0
350,8.0
79,8.0
12119,8.0
8039,6.0
6936,8.0
5640,8.0
